Drug Name	National Drug Code (NDC)
Alprazolam	0009-0029
Alprazolam	0009-0055
Alprazolam	0009-0057
Alprazolam	0009-0059
Alprazolam	0009-0066
Alprazolam	0009-0068
Alprazolam	0009-0090
Alprazolam	0009-0094
Alprazolam	0054-3068
Alprazolam	0228-2027
Alprazolam	0228-2029
Alprazolam	0228-2031
Alprazolam	0228-2039
Alprazolam	0228-3083
Alprazolam	0228-3084
Alprazolam	0228-3086
Alprazolam	0228-3087
Alprazolam	0228-4019
Alprazolam	0228-4022
Alprazolam	0228-4024
Alprazolam	0228-4025
Alprazolam	0378-4001
Alprazolam	0378-4003
Alprazolam	0378-4005
Alprazolam	0378-4007
Alprazolam	0615-8215
Alprazolam	0615-8216
Alprazolam	0615-8295
Alprazolam	0781-1061
Alprazolam	0781-1077
Alprazolam	0781-1079
Alprazolam	0781-1089
Alprazolam	0904-5859
Alprazolam	0904-5860
Alprazolam	17856-2027
Alprazolam	17856-2029
Alprazolam	43063-370
Alprazolam	43063-609
Alprazolam	45865-424
Alprazolam	45865-972
Alprazolam	45865-993
Alprazolam	49884-110
Alprazolam	49884-111
Alprazolam	49884-213
Alprazolam	49884-214
Alprazolam	49999-032
Alprazolam	50090-2256
Alprazolam	50090-4950
Alprazolam	50436-4635
Alprazolam	50436-4636
Alprazolam	51655-266
Alprazolam	51991-704
Alprazolam	51991-705
Alprazolam	51991-706
Alprazolam	51991-707
Alprazolam	52959-964
Alprazolam	55154-5885
Alprazolam	55289-523
Alprazolam	55700-312
Alprazolam	55700-313
Alprazolam	55700-622
Alprazolam	55700-671
Alprazolam	59762-0057
Alprazolam	59762-0059
Alprazolam	59762-0066
Alprazolam	59762-0068
Alprazolam	59762-3719
Alprazolam	59762-3720
Alprazolam	59762-3721
Alprazolam	59762-3722
Alprazolam	60429-504
Alprazolam	60687-377
Alprazolam	60687-388
Alprazolam	60687-510
Alprazolam	60687-521
Alprazolam	60760-550
Alprazolam	60760-813
Alprazolam	61919-005
Alprazolam	61919-089
Alprazolam	61919-379
Alprazolam	61919-576
Alprazolam	61919-836
Alprazolam	61919-836
Alprazolam	61919-849
Alprazolam	63187-225
Alprazolam	63187-278
Alprazolam	63187-337
Alprazolam	63187-443
Alprazolam	63187-444
Alprazolam	63187-445
Alprazolam	63187-518
Alprazolam	63187-916
Alprazolam	63187-966
Alprazolam	63187-971
Alprazolam	63629-7726
Alprazolam	63629-8164
Alprazolam	63629-8172
Alprazolam	63629-8214
Alprazolam	64980-396
Alprazolam	64980-397
Alprazolam	64980-398
Alprazolam	64980-399
Alprazolam	65162-809
Alprazolam	65162-810
Alprazolam	65162-812
Alprazolam	65162-813
Alprazolam	65862-454
Alprazolam	65862-455
Alprazolam	65862-456
Alprazolam	65862-457
Alprazolam	65862-676
Alprazolam	65862-677
Alprazolam	65862-678
Alprazolam	65862-679
Alprazolam	66267-564
Alprazolam	66267-760
Alprazolam	66267-760
Alprazolam	67046-959
Alprazolam	67046-969
Alprazolam	67046-970
Alprazolam	67253-900
Alprazolam	67253-901
Alprazolam	67253-902
Alprazolam	67253-903
Alprazolam	67296-0721
Alprazolam	67296-0958
Alprazolam	67296-1303
Alprazolam	67296-1313
Alprazolam	67296-1379
Alprazolam	67296-1748
Alprazolam	67544-006
Alprazolam	67544-007
Alprazolam	67544-124
Alprazolam	67544-347
Alprazolam	67544-414
Alprazolam	67544-415
Alprazolam	68071-2220
Alprazolam	68071-2236
Alprazolam	68071-2292
Alprazolam	68071-4447
Alprazolam	68071-4621
Alprazolam	68071-4652
Alprazolam	68071-4818
Alprazolam	68071-4831
Alprazolam	68071-4855
Alprazolam	68071-4923
Alprazolam	68071-5113
Alprazolam	68071-5128
Alprazolam	68071-5243
Alprazolam	68071-5263
Alprazolam	68788-0575
Alprazolam	68788-2027
Alprazolam	68788-2029
Alprazolam	68788-6358
Alprazolam	68788-6381
Alprazolam	68788-6943
Alprazolam	68788-7577
Alprazolam	68788-7594
Alprazolam	68788-7595
Alprazolam	68788-7596
Alprazolam	68788-7613
Alprazolam	68788-9430
Alprazolam	68788-9682
Alprazolam	68788-9997
Alprazolam	70518-0966
Alprazolam	70518-2785
Alprazolam	70518-2870
Alprazolam	70934-558
Alprazolam	71205-227
Alprazolam	71205-284
Alprazolam	71205-290
Alprazolam	71205-386
Alprazolam	71335-0098
Alprazolam	71335-0252
Alprazolam	71335-0673
Alprazolam	71335-0680
Alprazolam	71335-0761
Alprazolam	71335-0813
Alprazolam	71335-0849
Alprazolam	71335-0920
Alprazolam	71335-0929
Alprazolam	71335-1092
Alprazolam	71335-1129
Alprazolam	71335-1291
Alprazolam	71335-1386
Alprazolam	71335-1477
Alprazolam	71335-1576
Alprazolam	71335-1669
Alprazolam	71610-112
Alprazolam	71610-113
Alprazolam	72189-029
Alprazolam	72189-029
Alprazolam	72189-029
Alprazolam	72189-058
Alprazolam	72189-121
Alprazolam	72789-024
Alprazolam	72789-042
Alprazolam	72789-087
Alprazolam	80425-0099
Alprazolam	80425-0100
Amphetamine	27808-102
Amphetamine	66993-360
Amphetamine	70165-003
Amphetamine	70165-005
Amphetamine	70165-010
Amphetamine	70165-015
Amphetamine	70165-020
Amphetamine	70165-025
Amphetamine	70165-030
Amphetamine	0527-2524
Amphetamine	0527-2525
Amphetamine	13107-259
Amphetamine	13107-260
Amphetamine	24338-022
Amphetamine	24338-026
Amphetamine	24338-031
Amphetamine	24338-033
Amphetamine	24338-035
Amphetamine	24338-037
Amphetamine	43547-457
Amphetamine	43547-458
Amphetamine	43598-897
Amphetamine	43598-898
Amphetamine	50742-651
Amphetamine	50742-652
Amphetamine	52536-057
Amphetamine	52536-059
Amphetamine	63629-1114
Amphetamine	63629-1115
Amphetamine	67877-710
Amphetamine	67877-711
Amphetamine	69238-1563
Amphetamine	69238-1564
Amphetamine	69452-227
Amphetamine	69452-228
Amphetamine	70010-040
Amphetamine	70010-041
Amphetamine	71337-024
Amphetamine	71337-025
Aripiprazole	60505-2677-03
Aripiprazole	13811-0679-30
Aripiprazole	59651-0110-55
Aripiprazole	16714-0784-01
Aripiprazole	13811-0682-30
Aripiprazole	31722-0820-30
Aripiprazole	16729-0278-01
Aripiprazole	43547-0305-03
Aripiprazole	65162-0893-74
Aripiprazole	13811-0684-30
Aripiprazole	16729-0281-01
Aripiprazole	60505-2676-03
Aripiprazole	00904-6510-61
Aripiprazole	27241-0052-03
Aripiprazole	27241-0053-03
Aripiprazole	60429-0447-30
Aripiprazole	62332-0102-30
Aripiprazole	13668-0221-90
Aripiprazole	13811-0681-10
Aripiprazole	00093-7569-56
Aripiprazole	62332-0104-30
Aripiprazole	65162-0896-09
Aripiprazole	00093-7581-56
Aripiprazole	62332-0100-30
Aripiprazole	16714-0783-01
Aripiprazole	43598-0559-30
Aripiprazole	43547-0306-03
Aripiprazole	13668-0218-90
Aripiprazole	43547-0304-03
Aripiprazole	13811-0679-10
Aripiprazole	13668-0220-05
Aripiprazole	13668-0216-30
Aripiprazole	13668-0218-05
Aripiprazole	13811-0684-10
Aripiprazole	16729-0283-10
Aripiprazole	65162-0898-09
Aripiprazole	16729-0282-10
Aripiprazole	60505-2673-03
Aripiprazole	27241-0056-08
Aripiprazole	60429-0448-30
Aripiprazole	27241-0053-08
Aripiprazole	13811-0683-30
Aripiprazole	13811-0682-10
Aripiprazole	65162-0902-09
Aripiprazole	43598-0554-30
Aripiprazole	16729-0280-01
Aripiprazole	65862-0661-30
Aripiprazole	13668-0216-05
Aripiprazole	65862-0663-05
Aripiprazole	65862-0662-05
Aripiprazole	62332-0102-31
Aripiprazole	00904-6656-40
Aripiprazole	13668-0221-30
Aripiprazole	65162-0896-03
Aripiprazole	65162-0901-03
Aripiprazole	13811-0680-30
Aripiprazole	27241-0056-03
Aripiprazole	65862-0665-05
Aripiprazole	65862-0664-05
Aripiprazole	65862-0661-05
Aripiprazole	43547-0307-03
Aripiprazole	13811-0693-30
Aripiprazole	65862-0662-30
Aripiprazole	65162-0897-03
Aripiprazole	65862-0664-30
Aripiprazole	13811-0692-30
Aripiprazole	16729-0281-10
Aripiprazole	16714-0788-01
Aripiprazole	33342-0124-07
Aripiprazole	33342-0122-07
Aripiprazole	62332-0099-31
Aripiprazole	43598-0555-30
Aripiprazole	13668-0216-90
Aripiprazole	13811-0680-10
Aripiprazole	43598-0558-30
Aripiprazole	60687-0157-21
Aripiprazole	13811-0681-30
Aripiprazole	16714-0787-01
Aripiprazole	43598-0733-30
Aripiprazole	27241-0054-03
Aripiprazole	43353-0140-05
Aripiprazole	33342-0126-07
Aripiprazole	65862-0663-30
Aripiprazole	33342-0127-07
Aripiprazole	16729-0278-10
Aripiprazole	31722-0828-30
Aripiprazole	13668-0217-90
Aripiprazole	16714-0785-01
Aripiprazole	60687-0191-21
Aripiprazole	65162-0897-09
Aripiprazole	00093-7580-56
Aripiprazole	13668-0221-05
Aripiprazole	00093-7582-56
Aripiprazole	27241-0051-08
Aripiprazole	65862-0665-30
Aripiprazole	16714-0786-01
Aripiprazole	60505-0404-05
Aripiprazole	27241-0052-08
Aripiprazole	13668-0218-30
Aripiprazole	65162-0901-09
Aripiprazole	65162-0899-03
Aripiprazole	65862-0666-30
Aripiprazole	31722-0819-30
Aripiprazole	16729-0282-01
Aripiprazole	62332-0100-31
Aripiprazole	76282-0045-30
Aripiprazole	60687-0179-01
Aripiprazole	16729-0279-10
Aripiprazole	13668-0219-90
Aripiprazole	65162-0898-03
Aripiprazole	43547-0303-03
Aripiprazole	54838-0570-59
Aripiprazole	33342-0123-07
Aripiprazole	13668-0220-30
Aripiprazole	27241-0055-03
Aripiprazole	62332-0101-30
Aripiprazole	27241-0054-08
Aripiprazole	65162-0899-09
Aripiprazole	13668-0217-05
Aripiprazole	27241-0051-03
Aripiprazole	65162-0902-03
Aripiprazole	60505-2674-03
Aripiprazole	43598-0557-30
Aripiprazole	62332-0101-31
Aripiprazole	62332-0099-30
Aripiprazole	13668-0219-30
Aripiprazole	62332-0097-30
Aripiprazole	76282-0046-30
Aripiprazole	62332-0098-31
Aripiprazole	31722-0829-30
Aripiprazole	62332-0097-31
Aripiprazole	00093-7583-56
Aripiprazole	62332-0098-30
Aripiprazole	13668-0220-90
Aripiprazole	13668-0217-30
Aripiprazole	42291-0134-30
Aripiprazole	31722-0830-30
Aripiprazole	27241-0055-08
Aripiprazole	43547-0302-03
Aripiprazole	16729-0280-10
Aripiprazole	13811-0683-10
Aripiprazole	43598-0556-30
Aripiprazole	00093-7613-56
Aripiprazole	31722-0827-30
Aripiprazole	60505-2675-03
Aripiprazole	16729-0279-01
Aripiprazole	60505-3075-03
Aripiprazole	62332-0103-30
Aripiprazole	13668-0219-05
Aripiprazole	33342-0125-07
Atomoxetine	00093-3543-56
Atomoxetine	64980-0378-03
Atomoxetine	66993-0040-30
Atomoxetine	35573-0416-30
Atomoxetine	64980-0377-03
Atomoxetine	00093-3547-56
Atomoxetine	60505-2835-03
Atomoxetine	64980-0374-03
Atomoxetine	00093-3546-56
Atomoxetine	16714-0759-01
Atomoxetine	68462-0271-30
Atomoxetine	64980-0379-03
Atomoxetine	66993-0042-30
Atomoxetine	66993-0045-30
Atomoxetine	60505-2833-03
Atomoxetine	60505-2834-03
Atomoxetine	55111-0563-30
Atomoxetine	68462-0267-30
Atomoxetine	68462-0266-30
Atomoxetine	64980-0373-03
Atomoxetine	55111-0521-30
Atomoxetine	68462-0268-30
Atomoxetine	60505-2836-03
Atomoxetine	55111-0519-30
Atomoxetine	60505-2830-03
Atomoxetine	60505-2832-03
Atomoxetine	64980-0376-03
Atomoxetine	66993-0041-30
Atomoxetine	35573-0417-30
Atomoxetine	55111-0564-30
Atomoxetine	00093-3545-56
Atomoxetine	55111-0520-30
Atomoxetine	66993-0043-30
Atomoxetine	66993-0044-30
Atomoxetine	35573-0415-30
Atomoxetine	16714-0758-01
Atomoxetine	16714-0761-01
Atomoxetine	64980-0375-03
Atomoxetine	16714-0755-01
Atomoxetine	16714-0757-01
Atomoxetine	16714-0760-01
Atomoxetine	55111-0522-30
Atomoxetine	68462-0270-30
Atomoxetine	00093-3544-56
Atomoxetine	35573-0418-30
Atomoxetine	55111-0528-30
Atomoxetine	16714-0756-01
Atomoxetine	00093-3542-56
Atomoxetine	66993-0046-30
Atomoxetine	35573-0420-30
Atomoxetine	35573-0421-30
Atomoxetine	68462-0269-30
Atomoxetine	68462-0265-30
Atomoxetine	00093-3548-56
Atomoxetine	35573-0419-30
Atomoxetine	60505-2831-03
Bupropion	0187-5810
Bupropion	0187-5811
Bupropion	0187-5812
Bupropion	0115-5445
Bupropion	0115-6811
Bupropion	0173-0135
Bupropion	0173-0722
Bupropion	0173-0947
Bupropion	0185-0410
Bupropion	0185-0415
Bupropion	0185-1111
Bupropion	0187-0730
Bupropion	0187-0731
Bupropion	0378-0433
Bupropion	0378-0435
Bupropion	0591-3331
Bupropion	0591-3540
Bupropion	0591-3541
Bupropion	0591-3542
Bupropion	0591-3543
Bupropion	0615-8179
Bupropion	0615-8241
Bupropion	0615-8261
Bupropion	0615-8262
Bupropion	0615-8296
Bupropion	0781-5528
Bupropion	0781-5529
Bupropion	0904-6573
Bupropion	0904-6585
Bupropion	0904-6635
Bupropion	0904-6636
Bupropion	10135-703
Bupropion	10135-704
Bupropion	10370-101
Bupropion	10370-102
Bupropion	16729-443
Bupropion	16729-444
Bupropion	23155-191
Bupropion	23155-192
Bupropion	24979-101
Bupropion	24979-102
Bupropion	42571-241
Bupropion	42571-242
Bupropion	42806-348
Bupropion	42806-349
Bupropion	43063-284
Bupropion	43063-387
Bupropion	43063-388
Bupropion	43063-744
Bupropion	43063-880
Bupropion	43063-913
Bupropion	43063-994
Bupropion	43353-189
Bupropion	43353-575
Bupropion	43547-288
Bupropion	43547-289
Bupropion	43547-290
Bupropion	43598-536
Bupropion	43598-537
Bupropion	43598-538
Bupropion	43598-655
Bupropion	43598-656
Bupropion	43598-751
Bupropion	43598-752
Bupropion	43598-753
Bupropion	43598-863
Bupropion	45865-632
Bupropion	45865-633
Bupropion	45865-975
Bupropion	45963-142
Bupropion	46708-118
Bupropion	46708-127
Bupropion	47335-736
Bupropion	47335-737
Bupropion	47335-738
Bupropion	47335-954
Bupropion	47781-637
Bupropion	49999-349
Bupropion	50090-0861
Bupropion	50090-1768
Bupropion	50090-1869
Bupropion	50090-3453
Bupropion	50090-3854
Bupropion	50090-4049
Bupropion	50090-4169
Bupropion	50090-4747
Bupropion	50090-4749
Bupropion	50090-5101
Bupropion	50090-5334
Bupropion	50228-144
Bupropion	50228-145
Bupropion	50228-174
Bupropion	50228-175
Bupropion	50228-176
Bupropion	50228-338
Bupropion	50268-140
Bupropion	50268-141
Bupropion	50268-142
Bupropion	50268-143
Bupropion	50436-0289
Bupropion	50436-1570
Bupropion	50436-1580
Bupropion	50436-3541
Bupropion	50436-9101
Bupropion	51079-943
Bupropion	51407-206
Bupropion	51407-207
Bupropion	51655-357
Bupropion	52427-575
Bupropion	55154-4394
Bupropion	55154-7986
Bupropion	55154-8180
Bupropion	55289-733
Bupropion	55700-644
Bupropion	55700-779
Bupropion	55700-820
Bupropion	55700-849
Bupropion	58118-0191
Bupropion	58118-0415
Bupropion	60429-216
Bupropion	60429-217
Bupropion	60429-218
Bupropion	60429-358
Bupropion	60429-746
Bupropion	60429-747
Bupropion	60429-933
Bupropion	60505-0157
Bupropion	60505-0158
Bupropion	60687-312
Bupropion	60687-340
Bupropion	60687-351
Bupropion	60760-407
Bupropion	61919-037
Bupropion	61919-038
Bupropion	61919-063
Bupropion	61919-069
Bupropion	61919-136
Bupropion	61919-589
Bupropion	61919-674
Bupropion	63187-052
Bupropion	63187-124
Bupropion	63187-176
Bupropion	63187-178
Bupropion	63187-416
Bupropion	63187-521
Bupropion	63187-566
Bupropion	63187-713
Bupropion	63187-726
Bupropion	63187-766
Bupropion	63187-819
Bupropion	63187-952
Bupropion	63629-2642
Bupropion	63629-3233
Bupropion	63629-6072
Bupropion	63629-6438
Bupropion	63629-7033
Bupropion	63629-8036
Bupropion	63629-8228
Bupropion	64679-101
Bupropion	64679-102
Bupropion	64679-105
Bupropion	64679-107
Bupropion	64679-830
Bupropion	64980-201
Bupropion	64980-202
Bupropion	65841-780
Bupropion	65841-836
Bupropion	66267-614
Bupropion	66267-700
Bupropion	67046-081
Bupropion	67046-699
Bupropion	67544-299
Bupropion	67544-406
Bupropion	67544-897
Bupropion	68001-264
Bupropion	68001-308
Bupropion	68001-309
Bupropion	68001-321
Bupropion	68001-322
Bupropion	68071-2256
Bupropion	68071-4961
Bupropion	68071-5213
Bupropion	68071-5214
Bupropion	68084-252
Bupropion	68084-697
Bupropion	68084-708
Bupropion	68180-319
Bupropion	68180-320
Bupropion	68382-353
Bupropion	68382-354
Bupropion	68788-6800
Bupropion	68788-6808
Bupropion	68788-7121
Bupropion	68788-7170
Bupropion	68788-7174
Bupropion	68788-7221
Bupropion	68788-7249
Bupropion	68788-7283
Bupropion	68788-7319
Bupropion	68788-7347
Bupropion	68788-7479
Bupropion	68788-7509
Bupropion	68788-7756
Bupropion	68788-7776
Bupropion	68788-7786
Bupropion	68788-7793
Bupropion	68788-7807
Bupropion	68788-7819
Bupropion	68788-7820
Bupropion	69097-875
Bupropion	69097-876
Bupropion	69097-877
Bupropion	69097-878
Bupropion	69097-879
Bupropion	69097-917
Bupropion	69097-918
Bupropion	69844-010
Bupropion	69844-011
Bupropion	70377-034
Bupropion	70377-035
Bupropion	70436-010
Bupropion	70436-011
Bupropion	70436-058
Bupropion	70436-059
Bupropion	70436-060
Bupropion	70518-0349
Bupropion	70518-0414
Bupropion	70518-0859
Bupropion	70518-1229
Bupropion	70518-1468
Bupropion	70518-1566
Bupropion	70518-1584
Bupropion	70518-1711
Bupropion	70518-2022
Bupropion	70518-2051
Bupropion	70518-2297
Bupropion	70518-2332
Bupropion	70518-2365
Bupropion	70518-2427
Bupropion	70518-2458
Bupropion	70518-2463
Bupropion	70518-2634
Bupropion	70518-2637
Bupropion	70518-2641
Bupropion	70518-2648
Bupropion	70518-2772
Bupropion	70934-151
Bupropion	70934-156
Bupropion	70934-172
Bupropion	70934-225
Bupropion	70934-277
Bupropion	70934-489
Bupropion	70934-704
Bupropion	70934-723
Bupropion	70934-724
Bupropion	70934-791
Bupropion	71205-045
Bupropion	71205-076
Bupropion	71205-248
Bupropion	71205-291
Bupropion	71205-387
Bupropion	71205-394
Bupropion	71205-465
Bupropion	71205-504
Bupropion	71205-967
Bupropion	71205-968
Bupropion	71209-052
Bupropion	71209-053
Bupropion	71335-0006
Bupropion	71335-0013
Bupropion	71335-0019
Bupropion	71335-0025
Bupropion	71335-0135
Bupropion	71335-0182
Bupropion	71335-0314
Bupropion	71335-0331
Bupropion	71335-0468
Bupropion	71335-0502
Bupropion	71335-0612
Bupropion	71335-0687
Bupropion	71335-0785
Bupropion	71335-0791
Bupropion	71335-0824
Bupropion	71335-0877
Bupropion	71335-0943
Bupropion	71335-1044
Bupropion	71335-1114
Bupropion	71335-1156
Bupropion	71335-1192
Bupropion	71335-1214
Bupropion	71335-1542
Bupropion	71335-1551
Bupropion	71335-1622
Bupropion	71335-1702
Bupropion	71610-164
Bupropion	71610-346
Bupropion	71610-372
Bupropion	71610-384
Bupropion	72189-057
Bupropion	72189-124
Bupropion	72189-134
Bupropion	72789-070
Bupropion	72789-112
Bupropion	72789-120
Bupropion	76282-480
Bupropion	76282-481
Bupropion	0093-0053
Bupropion	0093-0054
Bupropion	0093-1003
Bupropion	0093-5200
Bupropion	0378-1140
Bupropion	0378-1145
Bupropion	0378-1150
Bupropion	0378-1165
Bupropion	0378-1175
Bupropion	0615-7689
Bupropion	0615-7714
Bupropion	0615-7718
Bupropion	0904-6899
Bupropion	16729-200
Bupropion	16729-201
Bupropion	16729-202
Bupropion	16729-203
Bupropion	16729-289
Bupropion	23155-023
Bupropion	23155-024
Bupropion	23155-025
Bupropion	23155-097
Bupropion	24689-781
Bupropion	24689-785
Bupropion	24689-907
Bupropion	24689-921
Bupropion	24689-933
Bupropion	29300-244
Bupropion	29300-245
Bupropion	29300-246
Bupropion	29300-247
Bupropion	42291-176
Bupropion	42291-177
Bupropion	42806-082
Bupropion	42806-083
Bupropion	42806-084
Bupropion	42806-085
Bupropion	42806-086
Bupropion	42806-662
Bupropion	42806-663
Bupropion	42806-664
Bupropion	42806-665
Bupropion	43063-785
Bupropion	43353-060
Bupropion	49884-725
Bupropion	50090-2111
Bupropion	50090-3260
Bupropion	50090-4182
Bupropion	50090-4657
Bupropion	50090-4859
Bupropion	50090-4862
Bupropion	50090-5347
Bupropion	50268-135
Bupropion	50436-0182
Bupropion	50436-2010
Bupropion	51079-960
Bupropion	51079-985
Bupropion	51079-986
Bupropion	51079-994
Bupropion	51407-201
Bupropion	51407-202
Bupropion	51407-203
Bupropion	51407-377
Bupropion	51407-378
Bupropion	53808-1102
Bupropion	55111-472
Bupropion	55111-473
Bupropion	55111-474
Bupropion	55111-475
Bupropion	55154-5397
Bupropion	55154-5494
Bupropion	55700-526
Bupropion	55700-529
Bupropion	55700-530
Bupropion	55700-803
Bupropion	55700-837
Bupropion	55700-861
Bupropion	55700-869
Bupropion	58118-0742
Bupropion	59651-389
Bupropion	59651-390
Bupropion	59651-391
Bupropion	59651-392
Bupropion	59651-393
Bupropion	60429-292
Bupropion	60429-293
Bupropion	60760-548
Bupropion	61919-166
Bupropion	61919-166
Bupropion	61919-579
Bupropion	63187-221
Bupropion	63187-402
Bupropion	63187-645
Bupropion	63187-904
Bupropion	63629-3333
Bupropion	63629-6817
Bupropion	63629-6818
Bupropion	63629-8037
Bupropion	64380-741
Bupropion	64380-742
Bupropion	64380-743
Bupropion	64380-744
Bupropion	64380-787
Bupropion	65841-781
Bupropion	65841-782
Bupropion	65841-783
Bupropion	65841-784
Bupropion	66267-528
Bupropion	67046-149
Bupropion	67046-322
Bupropion	67046-349
Bupropion	67296-0925
Bupropion	67296-1081
Bupropion	67296-1520
Bupropion	68071-3229
Bupropion	68071-3336
Bupropion	68382-180
Bupropion	68382-181
Bupropion	68382-182
Bupropion	68382-183
Bupropion	68788-6878
Bupropion	68788-6984
Bupropion	68788-7017
Bupropion	68788-7462
Bupropion	68788-7571
Bupropion	68788-8929
Bupropion	68788-9766
Bupropion	69117-0040
Bupropion	69117-0041
Bupropion	69117-0042
Bupropion	69117-0043
Bupropion	69238-1115
Bupropion	69238-1116
Bupropion	69238-1117
Bupropion	69238-1118
Bupropion	69238-1119
Bupropion	69584-091
Bupropion	69584-092
Bupropion	69584-093
Bupropion	69584-094
Bupropion	70518-0380
Bupropion	70518-0401
Bupropion	70518-0681
Bupropion	70518-1243
Bupropion	70518-1404
Bupropion	70518-1530
Bupropion	70518-1747
Bupropion	70518-1820
Bupropion	70518-1940
Bupropion	70518-1981
Bupropion	70518-2031
Bupropion	70518-2063
Bupropion	70518-2300
Bupropion	70518-2303
Bupropion	70518-2591
Bupropion	70518-2660
Bupropion	70518-2724
Bupropion	70518-2803
Bupropion	70518-2830
Bupropion	70934-184
Bupropion	70934-198
Bupropion	70934-327
Bupropion	70934-426
Bupropion	71205-280
Bupropion	71205-493
Bupropion	71335-0007
Bupropion	71335-0272
Bupropion	71335-0562
Bupropion	71335-0985
Bupropion	71335-0991
Bupropion	71335-1105
Bupropion	71335-1144
Bupropion	71335-1390
Bupropion	71335-1560
Bupropion	71335-1605
Bupropion	71335-1608
Bupropion	71335-1673
Bupropion	71610-165
Bupropion	71610-183
Bupropion	71610-203
Bupropion	71610-206
Bupropion	71610-208
Bupropion	71610-257
Bupropion	71610-266
Bupropion	71610-267
Bupropion	71610-281
Bupropion	71610-291
Bupropion	71610-299
Bupropion	71610-302
Bupropion	71610-307
Bupropion	71610-342
Bupropion	71610-344
Bupropion	71610-360
Bupropion	71610-404
Bupropion	72789-139
Bupropion	72789-140
Bupropion	72789-141
Bupropion	72789-142
Buspirone	0093-0053
Buspirone	0093-0054
Buspirone	0093-1003
Buspirone	0093-5200
Buspirone	0378-1140
Buspirone	0378-1145
Buspirone	0378-1150
Buspirone	0378-1165
Buspirone	0378-1175
Buspirone	0615-7689
Buspirone	0615-7714
Buspirone	0615-7718
Buspirone	0904-6899
Buspirone	16729-200
Buspirone	16729-201
Buspirone	16729-202
Buspirone	16729-203
Buspirone	16729-289
Buspirone	23155-023
Buspirone	23155-024
Buspirone	23155-025
Buspirone	23155-097
Buspirone	24689-781
Buspirone	24689-785
Buspirone	24689-907
Buspirone	24689-921
Buspirone	24689-933
Buspirone	29300-244
Buspirone	29300-245
Buspirone	29300-246
Buspirone	29300-247
Buspirone	42291-176
Buspirone	42291-177
Buspirone	42806-082
Buspirone	42806-083
Buspirone	42806-084
Buspirone	42806-085
Buspirone	42806-086
Buspirone	42806-662
Buspirone	42806-663
Buspirone	42806-664
Buspirone	42806-665
Buspirone	43063-785
Buspirone	43353-060
Buspirone	49884-725
Buspirone	50090-2111
Buspirone	50090-3260
Buspirone	50090-4182
Buspirone	50090-4657
Buspirone	50090-4859
Buspirone	50090-4862
Buspirone	50090-5347
Buspirone	50268-135
Buspirone	50436-0182
Buspirone	50436-2010
Buspirone	51079-960
Buspirone	51079-985
Buspirone	51079-986
Buspirone	51079-994
Buspirone	51407-201
Buspirone	51407-202
Buspirone	51407-203
Buspirone	51407-377
Buspirone	51407-378
Buspirone	53808-1102
Buspirone	55111-472
Buspirone	55111-473
Buspirone	55111-474
Buspirone	55111-475
Buspirone	55154-5397
Buspirone	55154-5494
Buspirone	55700-526
Buspirone	55700-529
Buspirone	55700-530
Buspirone	55700-803
Buspirone	55700-837
Buspirone	55700-861
Buspirone	55700-869
Buspirone	58118-0742
Buspirone	59651-389
Buspirone	59651-390
Buspirone	59651-391
Buspirone	59651-392
Buspirone	59651-393
Buspirone	60429-292
Buspirone	60429-293
Buspirone	60760-548
Buspirone	61919-166
Buspirone	61919-166
Buspirone	61919-579
Buspirone	63187-221
Buspirone	63187-402
Buspirone	63187-645
Buspirone	63187-904
Buspirone	63629-3333
Buspirone	63629-6817
Buspirone	63629-6818
Buspirone	63629-8037
Buspirone	64380-741
Buspirone	64380-742
Buspirone	64380-743
Buspirone	64380-744
Buspirone	64380-787
Buspirone	65841-781
Buspirone	65841-782
Buspirone	65841-783
Buspirone	65841-784
Buspirone	66267-528
Buspirone	67046-149
Buspirone	67046-322
Buspirone	67046-349
Buspirone	67296-0925
Buspirone	67296-1081
Buspirone	67296-1520
Buspirone	68071-3229
Buspirone	68071-3336
Buspirone	68382-180
Buspirone	68382-181
Buspirone	68382-182
Buspirone	68382-183
Buspirone	68788-6878
Buspirone	68788-6984
Buspirone	68788-7017
Buspirone	68788-7462
Buspirone	68788-7571
Buspirone	68788-8929
Buspirone	68788-9766
Buspirone	69117-0040
Buspirone	69117-0041
Buspirone	69117-0042
Buspirone	69117-0043
Buspirone	69238-1115
Buspirone	69238-1116
Buspirone	69238-1117
Buspirone	69238-1118
Buspirone	69238-1119
Buspirone	69584-091
Buspirone	69584-092
Buspirone	69584-093
Buspirone	69584-094
Buspirone	70518-0380
Buspirone	70518-0401
Buspirone	70518-0681
Buspirone	70518-1243
Buspirone	70518-1404
Buspirone	70518-1530
Buspirone	70518-1747
Buspirone	70518-1820
Buspirone	70518-1940
Buspirone	70518-1981
Buspirone	70518-2031
Buspirone	70518-2063
Buspirone	70518-2300
Buspirone	70518-2303
Buspirone	70518-2591
Buspirone	70518-2660
Buspirone	70518-2724
Buspirone	70518-2803
Buspirone	70518-2830
Buspirone	70934-184
Buspirone	70934-198
Buspirone	70934-327
Buspirone	70934-426
Buspirone	71205-280
Buspirone	71205-493
Buspirone	71335-0007
Buspirone	71335-0272
Buspirone	71335-0562
Buspirone	71335-0985
Buspirone	71335-0991
Buspirone	71335-1105
Buspirone	71335-1144
Buspirone	71335-1390
Buspirone	71335-1560
Buspirone	71335-1605
Buspirone	71335-1608
Buspirone	71335-1673
Buspirone	71610-165
Buspirone	71610-183
Buspirone	71610-203
Buspirone	71610-206
Buspirone	71610-208
Buspirone	71610-257
Buspirone	71610-266
Buspirone	71610-267
Buspirone	71610-281
Buspirone	71610-291
Buspirone	71610-299
Buspirone	71610-302
Buspirone	71610-307
Buspirone	71610-342
Buspirone	71610-344
Buspirone	71610-360
Buspirone	71610-404
Buspirone	72789-139
Buspirone	72789-140
Buspirone	72789-141
Buspirone	72789-142
Citalopram	13107-0007-05
Citalopram	60505-2781-01
Citalopram	51079-0543-20
Citalopram	68645-0570-54
Citalopram	13668-0011-74
Citalopram	68645-0448-70
Citalopram	68001-0196-00
Citalopram	45802-0306-78
Citalopram	00378-3856-93
Citalopram	13668-0137-10
Citalopram	00093-4741-50
Citalopram	60505-2781-08
Citalopram	00093-5851-93
Citalopram	65862-0006-05
Citalopram	00904-6315-61
Citalopram	68645-0514-54
Citalopram	43547-0280-11
Citalopram	51079-0544-56
Citalopram	13668-0009-01
Citalopram	65162-0054-03
Citalopram	00093-5852-01
Citalopram	31722-0208-05
Citalopram	00378-6232-05
Citalopram	68645-0519-54
Citalopram	59746-0544-01
Citalopram	00143-9808-01
Citalopram	55111-0343-05
Citalopram	00185-0371-01
Citalopram	54458-0889-10
Citalopram	13668-0135-10
Citalopram	65862-0374-05
Citalopram	69097-0848-05
Citalopram	13668-0137-05
Citalopram	13668-0135-05
Citalopram	31722-0250-90
Citalopram	68645-0467-54
Citalopram	54458-0892-16
Citalopram	00093-4742-50
Citalopram	76282-0250-90
Citalopram	60505-2520-08
Citalopram	55111-0342-30
Citalopram	54458-0981-16
Citalopram	42806-0020-10
Citalopram	13107-0005-01
Citalopram	59762-4801-01
Citalopram	00185-0372-01
Citalopram	55111-0342-01
Citalopram	00093-5851-01
Citalopram	68645-0559-54
Citalopram	68645-0520-54
Citalopram	00378-3857-77
Citalopram	54879-0011-01
Citalopram	00093-5852-93
Citalopram	65862-0374-01
Citalopram	57664-0507-88
Citalopram	76282-0249-10
Citalopram	55111-0344-01
Citalopram	00093-4740-01
Citalopram	65862-0006-01
Citalopram	69097-0822-12
Citalopram	55111-0344-30
Citalopram	13668-0011-05
Citalopram	65862-0375-01
Citalopram	59762-4802-06
Citalopram	57664-0508-13
Citalopram	60505-2519-04
Citalopram	59762-4801-03
Citalopram	76282-0251-10
Citalopram	31722-0569-24
Citalopram	65862-0005-05
Citalopram	69097-0822-07
Citalopram	65162-0052-10
Citalopram	31722-0564-24
Citalopram	24658-0142-01
Citalopram	00093-5850-05
Citalopram	57664-0507-13
Citalopram	00378-6233-01
Citalopram	24658-0140-10
Citalopram	00591-3176-01
Citalopram	55111-0343-30
Citalopram	00185-0373-01
Citalopram	31722-0206-05
Citalopram	43547-0282-10
Citalopram	59762-4800-01
Citalopram	33342-0038-11
Citalopram	16729-0170-17
Citalopram	68180-0135-01
Citalopram	00093-4741-93
Citalopram	57664-0508-83
Citalopram	24658-0142-30
Citalopram	65862-0375-05
Citalopram	59746-0280-01
Citalopram	00378-6233-05
Citalopram	00591-3177-01
Citalopram	54458-0889-16
Citalopram	65862-0007-01
Citalopram	68180-0137-01
Citalopram	13668-0136-05
Citalopram	13107-0007-01
Citalopram	31722-0207-01
Citalopram	65162-0705-88
Citalopram	60505-2519-03
Citalopram	65162-0053-50
Citalopram	00591-3176-05
Citalopram	65162-0052-03
Citalopram	00093-4742-05
Citalopram	68001-0196-03
Citalopram	69097-0849-05
Citalopram	00591-4151-38
Citalopram	59762-4800-03
Citalopram	42806-0019-01
Citalopram	55111-0342-05
Citalopram	65862-0248-24
Citalopram	13668-0136-10
Citalopram	45802-0616-78
Citalopram	51672-1348-01
Citalopram	00143-9809-01
Citalopram	59746-0543-01
Citalopram	65862-0373-05
Citalopram	00378-6231-05
Citalopram	65862-0373-01
Citalopram	65162-0054-50
Citalopram	55111-0344-05
Citalopram	51079-0544-20
Citalopram	00093-5852-05
Citalopram	00258-3697-01
Citalopram	00378-3855-93
Citalopram	45802-0596-78
Citalopram	64720-0171-10
Citalopram	60505-2520-01
Citalopram	67544-0906-15
Citalopram	31722-0251-90
Citalopram	68180-0136-01
Citalopram	24658-0142-10
Citalopram	60429-0173-10
Citalopram	13668-0010-01
Citalopram	43547-0280-10
Citalopram	60505-2782-01
Citalopram	59762-4802-05
Citalopram	43547-0281-11
Citalopram	60505-2520-04
Citalopram	54838-0540-70
Citalopram	60505-2782-08
Citalopram	60505-2518-04
Citalopram	13668-0011-30
Citalopram	65162-0052-50
Citalopram	00093-5850-01
Citalopram	24658-0141-01
Citalopram	68001-0197-00
Citalopram	13668-0010-05
Citalopram	13668-0011-01
Citalopram	60505-2518-01
Citalopram	55111-0343-01
Citalopram	59746-0544-05
Citalopram	68645-0252-54
Citalopram	76282-0250-10
Citalopram	13668-0136-01
Citalopram	65862-0007-05
Citalopram	54458-0980-16
Citalopram	00258-3696-01
Citalopram	54458-0896-02
Citalopram	57664-0508-88
Citalopram	00093-4740-10
Citalopram	31722-0206-01
Citalopram	00378-3857-10
Citalopram	64720-0172-10
Citalopram	57664-0509-88
Citalopram	00093-4741-05
Citalopram	65162-0054-10
Citalopram	13668-0137-01
Citalopram	68645-0569-54
Citalopram	31722-0208-01
Citalopram	00378-3857-93
Citalopram	59746-0546-05
Citalopram	65862-0074-24
Citalopram	24658-0140-01
Citalopram	13107-0006-05
Citalopram	00378-3856-10
Citalopram	54458-0891-10
Citalopram	00713-4740-01
Citalopram	65862-0005-01
Citalopram	60505-2780-01
Citalopram	33342-0053-28
Citalopram	00378-6231-01
Citalopram	16729-0168-01
Citalopram	54458-0980-05
Citalopram	69097-0823-07
Citalopram	54458-0922-05
Citalopram	16729-0170-01
Citalopram	13107-0006-01
Citalopram	59746-0546-01
Citalopram	59762-4800-06
Citalopram	69097-0823-12
Citalopram	31722-0249-90
Citalopram	16729-0169-17
Citalopram	69097-0824-07
Citalopram	00093-5851-05
Citalopram	54838-0551-70
Citalopram	54458-0892-10
Citalopram	54458-0912-02
Citalopram	24658-0141-30
Citalopram	43547-0281-10
Citalopram	60505-2518-08
Citalopram	57664-0509-18
Citalopram	54458-0981-12
Citalopram	13668-0135-01
Citalopram	60505-2519-01
Citalopram	57664-0508-18
Citalopram	00904-6427-61
Citalopram	00591-3178-01
Citalopram	60505-2519-08
Citalopram	16729-0168-17
Citalopram	65162-0053-03
Citalopram	59762-4801-05
Citalopram	00713-4741-01
Citalopram	68645-0571-54
Citalopram	13107-0005-05
Citalopram	57664-0509-13
Citalopram	64720-0170-10
Citalopram	54458-0981-10
Citalopram	68645-0447-70
Citalopram	68645-0282-54
Citalopram	00258-3695-01
Citalopram	59746-0279-01
Citalopram	00093-4742-01
Citalopram	00378-6232-01
Citalopram	65162-0053-10
Citalopram	60505-2518-03
Citalopram	68001-0197-03
Citalopram	24658-0141-10
Citalopram	59762-4802-01
Citalopram	69097-0824-12
Citalopram	54458-0980-10
Citalopram	00378-3855-77
Citalopram	31722-0207-10
Citalopram	59746-0281-01
Citalopram	43547-0282-11
Citalopram	31722-0207-05
Citalopram	59762-4802-03
Citalopram	00143-9807-01
Citalopram	00378-3856-77
Citalopram	69097-0847-05
Citalopram	68258-7128-03
Citalopram	13668-0009-05
Citalopram	68001-0195-00
Citalopram	16729-0169-01
Citalopram	54458-0891-16
Citalopram	00713-4742-01
Citalopram	59762-4800-05
Citalopram	00093-4741-01
Citalopram	00054-0062-58
Citalopram	00143-9807-05
Clonazepam	0004-0058
Clonazepam	0004-0068
Clonazepam	0004-0098
Clonazepam	0093-0832
Clonazepam	0093-3212
Clonazepam	0093-3213
Clonazepam	0185-0063
Clonazepam	0185-0064
Clonazepam	0185-0065
Clonazepam	0228-3003
Clonazepam	0228-3004
Clonazepam	0228-3005
Clonazepam	0555-0094
Clonazepam	0555-0095
Clonazepam	0555-0096
Clonazepam	0555-0097
Clonazepam	0555-0098
Clonazepam	0615-8234
Clonazepam	0615-8235
Clonazepam	0615-8236
Clonazepam	0781-5567
Clonazepam	0781-5569
Clonazepam	0781-8018
Clonazepam	16714-469
Clonazepam	16714-470
Clonazepam	16714-471
Clonazepam	16714-750
Clonazepam	16714-751
Clonazepam	16714-752
Clonazepam	16729-136
Clonazepam	16729-137
Clonazepam	16729-138
Clonazepam	17856-0133
Clonazepam	17856-0834
Clonazepam	17856-0835
Clonazepam	35356-722
Clonazepam	43063-788
Clonazepam	43063-794
Clonazepam	43063-797
Clonazepam	43353-307
Clonazepam	43353-308
Clonazepam	43547-406
Clonazepam	43547-407
Clonazepam	43547-408
Clonazepam	45865-575
Clonazepam	46708-364
Clonazepam	46708-365
Clonazepam	46708-366
Clonazepam	46708-367
Clonazepam	46708-368
Clonazepam	49884-306
Clonazepam	49884-307
Clonazepam	49884-308
Clonazepam	49884-309
Clonazepam	49884-310
Clonazepam	50090-2022
Clonazepam	50090-2088
Clonazepam	50090-3467
Clonazepam	50090-4842
Clonazepam	50436-0913
Clonazepam	50436-1360
Clonazepam	50436-2948
Clonazepam	51407-524
Clonazepam	51407-525
Clonazepam	51407-526
Clonazepam	55154-6831
Clonazepam	55154-8125
Clonazepam	55700-564
Clonazepam	55700-830
Clonazepam	57664-783
Clonazepam	57664-784
Clonazepam	57664-785
Clonazepam	57664-786
Clonazepam	57664-787
Clonazepam	58118-0832
Clonazepam	60429-524
Clonazepam	60429-525
Clonazepam	60429-526
Clonazepam	60687-544
Clonazepam	60687-555
Clonazepam	60760-273
Clonazepam	61919-058
Clonazepam	61919-485
Clonazepam	61919-485
Clonazepam	61919-485
Clonazepam	62332-364
Clonazepam	62332-365
Clonazepam	62332-366
Clonazepam	62332-367
Clonazepam	62332-368
Clonazepam	63187-226
Clonazepam	63187-273
Clonazepam	63187-603
Clonazepam	63187-888
Clonazepam	63629-1116
Clonazepam	63629-7649
Clonazepam	63629-8226
Clonazepam	63629-8227
Clonazepam	63739-263
Clonazepam	66267-708
Clonazepam	66267-748
Clonazepam	67046-914
Clonazepam	67046-916
Clonazepam	67046-918
Clonazepam	67046-920
Clonazepam	67046-921
Clonazepam	67046-922
Clonazepam	67544-256
Clonazepam	67544-288
Clonazepam	67544-301
Clonazepam	67544-412
Clonazepam	67544-529
Clonazepam	68071-4021
Clonazepam	68071-4135
Clonazepam	68071-5163
Clonazepam	68071-5247
Clonazepam	68788-7181
Clonazepam	68788-7394
Clonazepam	68788-7738
Clonazepam	70518-1297
Clonazepam	70518-1353
Clonazepam	70518-1521
Clonazepam	70518-1559
Clonazepam	70518-1801
Clonazepam	70518-1945
Clonazepam	70518-2152
Clonazepam	70518-2232
Clonazepam	70518-2255
Clonazepam	70518-2334
Clonazepam	70518-2392
Clonazepam	70518-2467
Clonazepam	70518-2485
Clonazepam	70518-2507
Clonazepam	70518-2533
Clonazepam	71205-252
Clonazepam	71335-0001
Clonazepam	71335-0022
Clonazepam	71335-0113
Clonazepam	71335-0333
Clonazepam	71335-1060
Clonazepam	71610-023
Clonazepam	71610-039
Clonazepam	71610-040
Clonazepam	71610-061
Clonazepam	71610-075
Clonazepam	71610-084
Clonazepam	71610-085
Clonazepam	71610-363
Clonazepam	71610-366
Clonazepam	71610-367
Clonazepam	71610-368
Clonazepam	71610-390
Clonazepam	72189-081
Clonidine	0378-0871
Clonidine	0378-0872
Clonidine	0378-0873
Clonidine	0591-3508
Clonidine	0591-3509
Clonidine	0591-3510
Clonidine	0597-0031
Clonidine	0597-0032
Clonidine	0597-0033
Clonidine	51862-453
Clonidine	51862-454
Clonidine	51862-455
Clonidine	0143-9723
Clonidine	0143-9724
Clonidine	0228-2127
Clonidine	0228-2128
Clonidine	0228-2129
Clonidine	0228-4241
Clonidine	0597-0006
Clonidine	0597-0007
Clonidine	0597-0011
Clonidine	0615-2572
Clonidine	0615-2574
Clonidine	0615-8272
Clonidine	0832-0777
Clonidine	0904-5656
Clonidine	0904-5657
Clonidine	0904-5658
Clonidine	10370-257
Clonidine	10370-302
Clonidine	16714-839
Clonidine	27241-108
Clonidine	29300-135
Clonidine	29300-136
Clonidine	29300-137
Clonidine	39822-2000
Clonidine	39822-2010
Clonidine	42291-148
Clonidine	43063-190
Clonidine	43063-817
Clonidine	43063-924
Clonidine	43063-925
Clonidine	43353-316
Clonidine	43547-435
Clonidine	45865-797
Clonidine	46708-306
Clonidine	46708-307
Clonidine	46708-308
Clonidine	50090-1910
Clonidine	50090-2775
Clonidine	50090-3151
Clonidine	50090-4360
Clonidine	50090-5089
Clonidine	50090-5105
Clonidine	50436-3526
Clonidine	50742-247
Clonidine	51655-339
Clonidine	51662-1210
Clonidine	51662-1346
Clonidine	51662-1515
Clonidine	51862-060
Clonidine	52584-656
Clonidine	52817-180
Clonidine	52817-181
Clonidine	52817-182
Clonidine	55154-0685
Clonidine	55154-7997
Clonidine	55700-704
Clonidine	55700-802
Clonidine	58118-0072
Clonidine	58657-647
Clonidine	58657-648
Clonidine	58657-649
Clonidine	59212-658
Clonidine	59746-668
Clonidine	60429-431
Clonidine	60687-113
Clonidine	60687-124
Clonidine	60687-462
Clonidine	60760-057
Clonidine	60760-178
Clonidine	61919-266
Clonidine	61919-267
Clonidine	61919-268
Clonidine	61919-605
Clonidine	61919-718
Clonidine	62332-054
Clonidine	62332-055
Clonidine	62332-056
Clonidine	63187-202
Clonidine	63187-419
Clonidine	63629-1328
Clonidine	63629-2753
Clonidine	63629-7652
Clonidine	63629-7765
Clonidine	63629-8044
Clonidine	63739-060
Clonidine	66267-061
Clonidine	66267-062
Clonidine	66267-464
Clonidine	66993-776
Clonidine	67046-094
Clonidine	67296-0685
Clonidine	67296-1196
Clonidine	67457-218
Clonidine	68001-237
Clonidine	68001-238
Clonidine	68001-239
Clonidine	68071-2210
Clonidine	68071-3016
Clonidine	68071-4041
Clonidine	68071-4094
Clonidine	68071-4545
Clonidine	68071-4601
Clonidine	68071-4661
Clonidine	68071-4721
Clonidine	68180-606
Clonidine	68382-601
Clonidine	68382-602
Clonidine	68788-7145
Clonidine	68788-7261
Clonidine	68788-7380
Clonidine	68788-7685
Clonidine	68788-9317
Clonidine	69238-1426
Clonidine	70518-0350
Clonidine	70518-0481
Clonidine	70518-0898
Clonidine	70518-1647
Clonidine	70518-1696
Clonidine	70518-1774
Clonidine	70518-1811
Clonidine	70518-1959
Clonidine	70518-1962
Clonidine	70518-2203
Clonidine	70771-1193
Clonidine	70771-1194
Clonidine	70934-226
Clonidine	70934-271
Clonidine	70934-752
Clonidine	71034-001
Clonidine	71205-218
Clonidine	71335-0050
Clonidine	71335-0121
Clonidine	71335-0539
Clonidine	71335-0777
Clonidine	71335-0915
Clonidine	71335-0922
Clonidine	71335-1342
Clonidine	71335-1495
Clonidine	71335-1624
Clonidine	71610-449
Clonidine	72789-091
Clonidine	76420-066
Dexmethylphenidate	0078-0380
Dexmethylphenidate	0078-0381
Dexmethylphenidate	0078-0382
Dexmethylphenidate	0078-0430
Dexmethylphenidate	0078-0431
Dexmethylphenidate	0078-0432
Dexmethylphenidate	0078-0433
Dexmethylphenidate	0078-0434
Dexmethylphenidate	0078-0493
Dexmethylphenidate	0078-0608
Dexmethylphenidate	0078-0609
Dexmethylphenidate	0093-5045
Dexmethylphenidate	0093-5046
Dexmethylphenidate	0093-5550
Dexmethylphenidate	0093-5551
Dexmethylphenidate	0093-5552
Dexmethylphenidate	0093-5553
Dexmethylphenidate	0093-5554
Dexmethylphenidate	0093-5562
Dexmethylphenidate	0378-4080
Dexmethylphenidate	0378-4081
Dexmethylphenidate	0378-4082
Dexmethylphenidate	0378-4083
Dexmethylphenidate	0378-4084
Dexmethylphenidate	0378-4085
Dexmethylphenidate	0527-8106
Dexmethylphenidate	0527-8107
Dexmethylphenidate	0527-8108
Dexmethylphenidate	0527-8109
Dexmethylphenidate	0527-8110
Dexmethylphenidate	0527-8111
Dexmethylphenidate	0527-8112
Dexmethylphenidate	0527-8113
Dexmethylphenidate	0781-2682
Dexmethylphenidate	0781-2683
Dexmethylphenidate	0781-2684
Dexmethylphenidate	0781-2685
Dexmethylphenidate	0781-2686
Dexmethylphenidate	0781-2687
Dexmethylphenidate	0781-2688
Dexmethylphenidate	0781-2689
Dexmethylphenidate	10702-106
Dexmethylphenidate	10702-107
Dexmethylphenidate	10702-108
Dexmethylphenidate	27808-091
Dexmethylphenidate	27808-092
Dexmethylphenidate	27808-093
Dexmethylphenidate	42858-011
Dexmethylphenidate	42858-225
Dexmethylphenidate	42858-410
Dexmethylphenidate	43386-860
Dexmethylphenidate	43386-861
Dexmethylphenidate	43386-862
Dexmethylphenidate	49884-048
Dexmethylphenidate	49884-049
Dexmethylphenidate	49884-090
Dexmethylphenidate	49884-248
Dexmethylphenidate	49884-333
Dexmethylphenidate	49884-339
Dexmethylphenidate	49884-428
Dexmethylphenidate	49884-430
Dexmethylphenidate	49884-539
Dexmethylphenidate	49884-546
Dexmethylphenidate	57664-376
Dexmethylphenidate	57664-378
Dexmethylphenidate	57664-379
Dexmethylphenidate	67877-655
Dexmethylphenidate	67877-656
Dexmethylphenidate	67877-657
Dexmethylphenidate	70010-004
Dexmethylphenidate	70010-005
Dexmethylphenidate	70010-006
Dexmethylphenidate	70010-007
Dexmethylphenidate	70010-008
Dexmethylphenidate	70010-009
Dexmethylphenidate	70010-010
Dexmethylphenidate	70010-011
Dextroamphetamine	43975-277
Dextroamphetamine	43975-278
Dextroamphetamine	43975-279
Dextroamphetamine	43975-280
Dextroamphetamine	43975-281
Dextroamphetamine	43975-282
Dextroamphetamine	68382-950
Dextroamphetamine	68382-951
Dextroamphetamine	68382-952
Dextroamphetamine	68382-953
Dextroamphetamine	68382-954
Dextroamphetamine	68382-955
Dextroamphetamine	68382-956
Dextroamphetamine	47781-174
Dextroamphetamine	47781-176
Dextroamphetamine	47781-178
Dextroamphetamine	47781-179
Dextroamphetamine	47781-180
Diazepam	0054-3185
Diazepam	0054-3188
Diazepam	0093-6138
Diazepam	0093-6139
Diazepam	0140-0004
Diazepam	0140-0005
Diazepam	0140-0006
Diazepam	0172-3925
Diazepam	0172-3926
Diazepam	0172-3927
Diazepam	0187-0658
Diazepam	0187-0659
Diazepam	0378-0271
Diazepam	0378-0345
Diazepam	0378-0477
Diazepam	0409-1273
Diazepam	0409-3213
Diazepam	0527-1767
Diazepam	0527-1768
Diazepam	0615-7799
Diazepam	0615-7800
Diazepam	0904-5880
Diazepam	11704-600
Diazepam	17856-3188
Diazepam	35356-812
Diazepam	43063-718
Diazepam	43063-751
Diazepam	43063-840
Diazepam	43063-887
Diazepam	43063-970
Diazepam	43063-987
Diazepam	43353-276
Diazepam	43353-278
Diazepam	43353-281
Diazepam	43353-825
Diazepam	45865-140
Diazepam	45865-423
Diazepam	45865-482
Diazepam	49999-018
Diazepam	50090-1913
Diazepam	50090-2631
Diazepam	50090-3390
Diazepam	50090-4566
Diazepam	50436-3592
Diazepam	51079-284
Diazepam	51079-285
Diazepam	51079-286
Diazepam	51862-062
Diazepam	51862-063
Diazepam	51862-064
Diazepam	51862-941
Diazepam	51862-942
Diazepam	51862-943
Diazepam	52584-213
Diazepam	52584-273
Diazepam	55154-5074
Diazepam	55154-5554
Diazepam	55154-7885
Diazepam	55289-092
Diazepam	55700-442
Diazepam	58118-0640
Diazepam	58118-3925
Diazepam	58118-3926
Diazepam	58118-3927
Diazepam	60760-927
Diazepam	60760-934
Diazepam	61919-071
Diazepam	61919-088
Diazepam	61919-088
Diazepam	61919-131
Diazepam	61919-131
Diazepam	61919-131
Diazepam	61919-131
Diazepam	61919-409
Diazepam	61919-409
Diazepam	61919-409
Diazepam	61919-409
Diazepam	61919-409
Diazepam	61919-409
Diazepam	61919-906
Diazepam	63187-173
Diazepam	63187-309
Diazepam	63187-544
Diazepam	63187-846
Diazepam	63187-867
Diazepam	63629-1523
Diazepam	63629-2948
Diazepam	63629-7851
Diazepam	63629-8192
Diazepam	63739-073
Diazepam	66267-776
Diazepam	66490-650
Diazepam	67046-943
Diazepam	67046-944
Diazepam	67046-945
Diazepam	67046-946
Diazepam	67046-947
Diazepam	67296-0084
Diazepam	67296-0291
Diazepam	67296-1349
Diazepam	67544-019
Diazepam	67544-020
Diazepam	68071-3270
Diazepam	68071-3330
Diazepam	68071-4181
Diazepam	68071-4770
Diazepam	68071-4829
Diazepam	68071-4899
Diazepam	68071-4922
Diazepam	68094-750
Diazepam	68682-650
Diazepam	68682-652
Diazepam	68682-655
Diazepam	68788-6851
Diazepam	68788-7452
Diazepam	68788-9207
Diazepam	68788-9208
Diazepam	69339-136
Diazepam	69339-137
Diazepam	70518-0014
Diazepam	70518-0162
Diazepam	70518-1713
Diazepam	70518-1856
Diazepam	70518-2358
Diazepam	71335-0142
Diazepam	71335-0444
Diazepam	71335-0495
Diazepam	71335-0616
Diazepam	71335-1584
Diazepam	71610-270
Diazepam	71610-424
Diazepam	71610-427
Diazepam	71610-459
Diazepam	71610-460
Diazepam	72252-505
Diazepam	72252-510
Diazepam	72252-515
Diazepam	72252-520
Diazepam	72572-140
Diazepam	0254-1010
Diazepam	0575-6200
Diazepam	13517-100
Divalproex	0074-3826
Divalproex	0074-6114
Divalproex	0074-6212
Divalproex	0074-6214
Divalproex	0074-6215
Divalproex	0074-7126
Divalproex	0378-0472
Divalproex	0378-0473
Divalproex	0615-7949
Divalproex	0615-7950
Divalproex	0615-7956
Divalproex	0615-8237
Divalproex	0615-8242
Divalproex	0615-8326
Divalproex	0615-8327
Divalproex	0615-8328
Divalproex	0615-8329
Divalproex	0615-8330
Divalproex	0781-2243
Divalproex	0832-7122
Divalproex	0832-7123
Divalproex	0832-7124
Divalproex	0904-6363
Divalproex	0904-6364
Divalproex	0904-6615
Divalproex	0904-6860
Divalproex	0904-6861
Divalproex	10370-510
Divalproex	10370-511
Divalproex	16714-484
Divalproex	16714-485
Divalproex	17856-0109
Divalproex	27241-115
Divalproex	29300-138
Divalproex	29300-139
Divalproex	29300-140
Divalproex	43063-295
Divalproex	43353-547
Divalproex	48433-125
Divalproex	48433-126
Divalproex	50090-2007
Divalproex	50090-3416
Divalproex	50090-3616
Divalproex	50090-4187
Divalproex	50090-4409
Divalproex	50090-4737
Divalproex	50090-4861
Divalproex	50268-258
Divalproex	51079-766
Divalproex	51079-767
Divalproex	51655-365
Divalproex	55111-529
Divalproex	55111-530
Divalproex	55111-531
Divalproex	55111-532
Divalproex	55111-533
Divalproex	55111-534
Divalproex	55154-4679
Divalproex	55154-4759
Divalproex	55154-7145
Divalproex	55154-7640
Divalproex	57237-047
Divalproex	57237-048
Divalproex	57237-106
Divalproex	58118-0040
Divalproex	60687-211
Divalproex	61919-648
Divalproex	62756-796
Divalproex	62756-797
Divalproex	62756-798
Divalproex	63187-742
Divalproex	63187-743
Divalproex	63629-4278
Divalproex	63629-4698
Divalproex	63629-7091
Divalproex	64679-724
Divalproex	64679-725
Divalproex	65162-755
Divalproex	65162-757
Divalproex	65841-634
Divalproex	65841-635
Divalproex	65841-636
Divalproex	65841-637
Divalproex	65841-638
Divalproex	65841-639
Divalproex	65862-402
Divalproex	65862-403
Divalproex	65862-594
Divalproex	65862-595
Divalproex	65862-959
Divalproex	67046-105
Divalproex	67046-141
Divalproex	67046-145
Divalproex	67046-147
Divalproex	67296-1635
Divalproex	67296-1677
Divalproex	68001-105
Divalproex	68001-106
Divalproex	68071-4102
Divalproex	68084-310
Divalproex	68084-313
Divalproex	68084-415
Divalproex	68084-776
Divalproex	68084-782
Divalproex	68180-260
Divalproex	68180-261
Divalproex	68180-265
Divalproex	68180-266
Divalproex	68180-267
Divalproex	68382-031
Divalproex	68382-032
Divalproex	68382-033
Divalproex	68382-106
Divalproex	68382-133
Divalproex	68382-134
Divalproex	68788-7177
Divalproex	68788-7183
Divalproex	68788-7295
Divalproex	70518-0312
Divalproex	70518-0374
Divalproex	70518-0463
Divalproex	70518-0613
Divalproex	70518-1454
Divalproex	70518-1456
Divalproex	70518-1556
Divalproex	70518-1558
Divalproex	70518-1749
Divalproex	70518-1758
Divalproex	70518-1759
Divalproex	70518-1897
Divalproex	70518-2003
Divalproex	70518-2017
Divalproex	70518-2033
Divalproex	70518-2036
Divalproex	70518-2357
Divalproex	70518-2497
Divalproex	70518-2510
Divalproex	70518-2513
Divalproex	70518-2527
Divalproex	70518-2626
Divalproex	70518-2665
Divalproex	70518-2674
Divalproex	71335-0008
Divalproex	71610-030
Divalproex	71610-031
Divalproex	71610-032
Divalproex	71610-157
Divalproex	71610-201
Divalproex	71610-205
Divalproex	71610-249
Divalproex	71610-289
Divalproex	71610-311
Escitalopram	0093-5850
Escitalopram	0093-5851
Escitalopram	0093-5852
Escitalopram	0121-0852
Escitalopram	0456-2005
Escitalopram	0456-2010
Escitalopram	0456-2020
Escitalopram	0615-7953
Escitalopram	0615-7954
Escitalopram	0615-7955
Escitalopram	0615-8348
Escitalopram	0615-8349
Escitalopram	0615-8350
Escitalopram	0904-6426
Escitalopram	0904-6427
Escitalopram	13668-135
Escitalopram	13668-136
Escitalopram	13668-137
Escitalopram	16729-168
Escitalopram	16729-169
Escitalopram	16729-170
Escitalopram	17856-0551
Escitalopram	31722-569
Escitalopram	33342-036
Escitalopram	33342-037
Escitalopram	33342-038
Escitalopram	33342-053
Escitalopram	42708-022
Escitalopram	42708-023
Escitalopram	42708-077
Escitalopram	43063-521
Escitalopram	43063-661
Escitalopram	43063-761
Escitalopram	43547-280
Escitalopram	43547-281
Escitalopram	43547-282
Escitalopram	45865-699
Escitalopram	45865-996
Escitalopram	50090-1930
Escitalopram	50090-2196
Escitalopram	50090-4363
Escitalopram	50090-4915
Escitalopram	50090-5131
Escitalopram	50090-5312
Escitalopram	50436-0170
Escitalopram	51655-284
Escitalopram	51672-1348
Escitalopram	54458-891
Escitalopram	54458-892
Escitalopram	54838-551
Escitalopram	55154-6649
Escitalopram	55154-6893
Escitalopram	55154-7288
Escitalopram	55289-768
Escitalopram	55289-828
Escitalopram	55700-506
Escitalopram	55700-507
Escitalopram	55700-818
Escitalopram	55700-847
Escitalopram	59746-279
Escitalopram	59746-280
Escitalopram	59746-281
Escitalopram	60760-156
Escitalopram	60760-157
Escitalopram	60760-170
Escitalopram	60760-393
Escitalopram	61919-139
Escitalopram	61919-227
Escitalopram	61919-652
Escitalopram	63187-217
Escitalopram	63187-281
Escitalopram	63629-2981
Escitalopram	63629-6325
Escitalopram	63629-6351
Escitalopram	63629-6425
Escitalopram	63629-8042
Escitalopram	63629-8241
Escitalopram	65162-019
Escitalopram	65162-020
Escitalopram	65162-021
Escitalopram	65162-705
Escitalopram	65862-248
Escitalopram	65862-373
Escitalopram	65862-374
Escitalopram	65862-375
Escitalopram	67046-174
Escitalopram	67046-355
Escitalopram	67296-1200
Escitalopram	67296-1528
Escitalopram	67296-1597
Escitalopram	67296-1689
Escitalopram	67296-1731
Escitalopram	68001-195
Escitalopram	68001-196
Escitalopram	68001-197
Escitalopram	68001-454
Escitalopram	68001-455
Escitalopram	68001-456
Escitalopram	68071-2035
Escitalopram	68071-2051
Escitalopram	68071-3069
Escitalopram	68071-3265
Escitalopram	68071-4984
Escitalopram	68071-4985
Escitalopram	68071-5248
Escitalopram	68084-617
Escitalopram	68084-618
Escitalopram	68180-135
Escitalopram	68180-136
Escitalopram	68180-137
Escitalopram	68382-102
Escitalopram	68382-103
Escitalopram	68382-104
Escitalopram	68645-519
Escitalopram	68645-520
Escitalopram	68788-6783
Escitalopram	68788-6978
Escitalopram	68788-7179
Escitalopram	68788-7461
Escitalopram	68788-7510
Escitalopram	68788-7559
Escitalopram	69097-847
Escitalopram	69097-848
Escitalopram	69097-849
Escitalopram	69844-033
Escitalopram	69844-034
Escitalopram	69844-035
Escitalopram	70518-0791
Escitalopram	70518-1110
Escitalopram	70518-1291
Escitalopram	70518-1785
Escitalopram	70518-1805
Escitalopram	70518-1876
Escitalopram	70518-2317
Escitalopram	70518-2362
Escitalopram	70518-2430
Escitalopram	70518-2472
Escitalopram	70518-2504
Escitalopram	70518-2521
Escitalopram	70518-2597
Escitalopram	70771-1145
Escitalopram	70771-1146
Escitalopram	70771-1147
Escitalopram	70934-060
Escitalopram	70934-089
Escitalopram	70934-112
Escitalopram	70934-163
Escitalopram	70934-348
Escitalopram	70934-630
Escitalopram	70934-646
Escitalopram	70934-650
Escitalopram	71205-168
Escitalopram	71205-193
Escitalopram	71205-313
Escitalopram	71205-325
Escitalopram	71205-344
Escitalopram	71335-0658
Escitalopram	71335-0685
Escitalopram	71335-1002
Escitalopram	71335-1030
Escitalopram	71335-1187
Escitalopram	71335-1307
Escitalopram	71335-1571
Escitalopram	71610-425
Escitalopram	76282-249
Escitalopram	76282-250
Escitalopram	76282-251
Fluoxetine	55111-0147-01
Fluoxetine	16714-0351-03
Fluoxetine	63304-0632-01
Fluoxetine	00093-1043-01
Fluoxetine	00172-4346-60
Fluoxetine	42543-0726-01
Fluoxetine	49884-0335-01
Fluoxetine	00093-7188-10
Fluoxetine	63304-0632-30
Fluoxetine	00172-4356-00
Fluoxetine	00378-0735-93
Fluoxetine	16714-0352-02
Fluoxetine	42543-0727-30
Fluoxetine	00378-5410-28
Fluoxetine	31722-0903-05
Fluoxetine	13668-0473-91
Fluoxetine	49884-0733-10
Fluoxetine	00172-4510-60
Fluoxetine	55111-0149-01
Fluoxetine	00781-2828-08
Fluoxetine	16714-0352-03
Fluoxetine	00378-4350-93
Fluoxetine	00406-0661-01
Fluoxetine	00406-0663-05
Fluoxetine	13668-0473-30
Fluoxetine	62332-0243-31
Fluoxetine	00093-4346-56
Fluoxetine	50111-0647-03
Fluoxetine	00781-2824-10
Fluoxetine	00093-4356-01
Fluoxetine	43598-0566-30
Fluoxetine	00378-0734-93
Fluoxetine	49884-0743-01
Fluoxetine	65862-0194-05
Fluoxetine	00093-4356-05
Fluoxetine	62332-0024-30
Fluoxetine	55111-0150-01
Fluoxetine	38779-0013-05
Fluoxetine	31722-0904-10
Fluoxetine	00093-7198-05
Fluoxetine	00378-5420-28
Fluoxetine	00781-2823-10
Fluoxetine	16714-0352-01
Fluoxetine	00555-0877-07
Fluoxetine	49884-0743-11
Fluoxetine	50268-0333-15
Fluoxetine	49884-0734-82
Fluoxetine	55111-0150-10
Fluoxetine	31722-0904-05
Fluoxetine	50111-0648-02
Fluoxetine	42543-0725-01
Fluoxetine	50228-0113-10
Fluoxetine	65862-0192-99
Fluoxetine	42543-0727-01
Fluoxetine	62332-0242-31
Fluoxetine	50228-0115-01
Fluoxetine	00093-6108-12
Fluoxetine	55111-0150-30
Fluoxetine	75834-0148-30
Fluoxetine	68180-0997-06
Fluoxetine	00555-0877-02
Fluoxetine	00555-0876-02
Fluoxetine	16714-0351-02
Fluoxetine	62332-0022-31
Fluoxetine	00093-4356-93
Fluoxetine	00781-2824-01
Fluoxetine	00406-0663-01
Fluoxetine	68084-0605-01
Fluoxetine	00781-2823-01
Fluoxetine	00406-0667-01
Fluoxetine	00832-0402-30
Fluoxetine	50228-0114-10
Fluoxetine	65862-0194-01
Fluoxetine	00172-4363-80
Fluoxetine	49884-0335-11
Fluoxetine	16714-0353-03
Fluoxetine	49884-0872-05
Fluoxetine	47781-0600-30
Fluoxetine	42543-0726-10
Fluoxetine	49909-0005-30
Fluoxetine	49884-0743-05
Fluoxetine	49884-0734-01
Fluoxetine	31722-0904-01
Fluoxetine	65862-0193-99
Fluoxetine	43598-0566-01
Fluoxetine	62332-0243-30
Fluoxetine	00555-0871-54
Fluoxetine	65862-0194-99
Fluoxetine	62332-0023-31
Fluoxetine	49884-0735-10
Fluoxetine	00904-5784-61
Fluoxetine	51927-3409-00
Fluoxetine	00904-5785-61
Fluoxetine	43598-0632-30
Fluoxetine	49884-0734-10
Fluoxetine	68645-0130-54
Fluoxetine	55111-0148-01
Fluoxetine	00093-7198-01
Fluoxetine	00121-0721-04
Fluoxetine	00406-0661-05
Fluoxetine	00832-0402-11
Fluoxetine	31722-0905-30
Fluoxetine	55111-0149-30
Fluoxetine	00121-4721-05
Fluoxetine	31722-0903-01
Fluoxetine	62332-0023-91
Fluoxetine	49884-0872-01
Fluoxetine	16714-0353-02
Fluoxetine	62332-0024-91
Fluoxetine	42543-0725-10
Fluoxetine	50228-0421-01
Fluoxetine	00781-2822-01
Fluoxetine	50111-0648-03
Fluoxetine	42543-0727-05
Fluoxetine	00093-0807-56
Fluoxetine	00172-4363-60
Fluoxetine	55111-0284-48
Fluoxetine	00832-0403-30
Fluoxetine	65862-0193-01
Fluoxetine	00093-7198-56
Fluoxetine	49884-0336-11
Fluoxetine	68084-0101-01
Fluoxetine	00555-0877-04
Fluoxetine	68001-0399-00
Fluoxetine	13668-0443-91
Fluoxetine	49884-0872-11
Fluoxetine	00378-0734-01
Fluoxetine	51079-0997-20
Fluoxetine	54838-0523-40
Fluoxetine	00093-4356-10
Fluoxetine	67544-0144-53
Fluoxetine	49884-0733-01
Fluoxetine	65862-0192-01
Fluoxetine	49884-0734-11
Fluoxetine	50111-0648-44
Fluoxetine	16714-0353-04
Fluoxetine	50228-0113-01
Fluoxetine	16714-0353-01
Fluoxetine	52427-0576-30
Fluoxetine	62332-0024-31
Fluoxetine	60505-0352-01
Fluoxetine	00172-4363-00
Fluoxetine	50228-0115-05
Fluoxetine	49884-0735-01
Fluoxetine	67544-0848-53
Fluoxetine	49884-0699-37
Fluoxetine	00093-5262-56
Fluoxetine	62991-2866-02
Fluoxetine	67544-0848-60
Fluoxetine	00378-4220-01
Fluoxetine	55111-0148-10
Fluoxetine	65862-0192-05
Fluoxetine	51672-5306-06
Fluoxetine	00406-0663-62
Fluoxetine	00781-2824-31
Fluoxetine	13668-0443-30
Fluoxetine	50111-0647-02
Fluoxetine	00172-4356-60
Fluoxetine	68001-0129-04
Fluoxetine	49884-0468-11
Fluoxetine	68001-0129-00
Fluoxetine	00093-1042-93
Fluoxetine	00555-0877-05
Fluoxetine	63304-0687-90
Fluoxetine	00172-4356-70
Fluoxetine	49884-0735-11
Fluoxetine	16590-0100-56
Fluoxetine	00781-2822-10
Fluoxetine	00378-4210-01
Fluoxetine	00093-1042-10
Fluoxetine	31722-0905-01
Fluoxetine	50111-0648-01
Fluoxetine	50228-0114-01
Fluoxetine	00093-1042-01
Fluoxetine	62332-0242-30
Fluoxetine	16714-0351-01
Fluoxetine	49884-0336-01
Fluoxetine	50228-0420-01
Fluoxetine	50111-0647-01
Fluoxetine	00172-4356-80
Fluoxetine	00378-0735-01
Fluoxetine	65862-0194-30
Fluoxetine	65862-0193-05
Fluoxetine	00093-7188-56
Fluoxetine	68001-0129-03
Fluoxetine	60432-0162-04
Fluoxetine	68645-0131-54
Fluoxetine	00093-0807-01
Fluoxetine	42291-0397-10
Guanfacine	24979-0533-01
Guanfacine	00603-3774-21
Guanfacine	60505-3930-01
Guanfacine	00093-5960-01
Guanfacine	00093-5963-01
Guanfacine	00591-0453-01
Guanfacine	24979-0534-01
Guanfacine	50268-0374-15
Guanfacine	00228-2855-11
Guanfacine	00093-5961-01
Guanfacine	42806-0296-01
Guanfacine	10370-0533-01
Guanfacine	42806-0048-01
Guanfacine	60505-3928-01
Guanfacine	00781-5457-01
Guanfacine	60505-3927-01
Guanfacine	24979-0538-01
Guanfacine	24658-0730-01
Guanfacine	00781-5452-01
Guanfacine	60505-3929-01
Guanfacine	10370-0536-01
Guanfacine	24979-0536-01
Guanfacine	00093-5964-01
Guanfacine	00378-1062-01
Guanfacine	49884-0573-01
Guanfacine	63304-0924-01
Guanfacine	63304-0926-01
Guanfacine	52152-0118-02
Guanfacine	00228-2851-11
Guanfacine	63304-0925-01
Guanfacine	00591-0444-01
Guanfacine	00378-1063-01
Guanfacine	00228-2850-11
Guanfacine	00228-2853-11
Guanfacine	68084-0748-25
Guanfacine	00781-5456-01
Guanfacine	00378-1065-01
Guanfacine	49884-0572-01
Guanfacine	42806-0049-01
Guanfacine	65162-0711-10
Guanfacine	42291-0310-90
Guanfacine	00378-1061-01
Guanfacine	10370-0538-01
Guanfacine	52152-0119-02
Guanfacine	00378-1190-01
Guanfacine	65162-0713-10
Guanfacine	00781-5451-01
Guanfacine	00378-1160-01
Guanfacine	10370-0534-01
Guanfacine	42291-0327-01
Guanfacine	63304-0927-01
Guanfacine	00904-6183-60
Lamotrigine	0115-1526
Lamotrigine	0115-1527
Lamotrigine	0115-1528
Lamotrigine	0115-1529
Lamotrigine	0115-9939
Lamotrigine	0115-9940
Lamotrigine	0115-9941
Lamotrigine	0115-9942
Lamotrigine	0143-9964
Lamotrigine	0143-9965
Lamotrigine	0143-9966
Lamotrigine	0143-9967
Lamotrigine	0173-0526
Lamotrigine	0173-0527
Lamotrigine	0173-0633
Lamotrigine	0173-0642
Lamotrigine	0173-0643
Lamotrigine	0173-0644
Lamotrigine	0173-0699
Lamotrigine	0173-0754
Lamotrigine	0173-0755
Lamotrigine	0173-0756
Lamotrigine	0173-0757
Lamotrigine	0173-0761
Lamotrigine	0173-0772
Lamotrigine	0173-0774
Lamotrigine	0173-0776
Lamotrigine	0173-0777
Lamotrigine	0173-0781
Lamotrigine	0228-1410
Lamotrigine	0228-1422
Lamotrigine	0228-1435
Lamotrigine	0228-1453
Lamotrigine	0228-1580
Lamotrigine	0228-1638
Lamotrigine	0615-7964
Lamotrigine	0615-7975
Lamotrigine	0615-8150
Lamotrigine	0615-8267
Lamotrigine	0904-7007
Lamotrigine	0904-7008
Lamotrigine	13668-045
Lamotrigine	13668-047
Lamotrigine	13668-048
Lamotrigine	13668-049
Lamotrigine	13668-339
Lamotrigine	13668-340
Lamotrigine	13668-341
Lamotrigine	13668-342
Lamotrigine	16714-623
Lamotrigine	16714-624
Lamotrigine	16714-625
Lamotrigine	16714-626
Lamotrigine	16714-627
Lamotrigine	16714-700
Lamotrigine	16714-701
Lamotrigine	16714-702
Lamotrigine	16714-703
Lamotrigine	16714-893
Lamotrigine	29300-111
Lamotrigine	29300-112
Lamotrigine	29300-113
Lamotrigine	29300-114
Lamotrigine	42291-366
Lamotrigine	42291-367
Lamotrigine	42291-368
Lamotrigine	42291-369
Lamotrigine	42291-443
Lamotrigine	42291-444
Lamotrigine	42291-445
Lamotrigine	42291-446
Lamotrigine	42291-447
Lamotrigine	42291-448
Lamotrigine	43063-202
Lamotrigine	43063-203
Lamotrigine	43063-238
Lamotrigine	43063-259
Lamotrigine	43598-550
Lamotrigine	43598-551
Lamotrigine	43598-552
Lamotrigine	43598-553
Lamotrigine	46708-095
Lamotrigine	46708-096
Lamotrigine	46708-274
Lamotrigine	46708-275
Lamotrigine	46708-276
Lamotrigine	46708-277
Lamotrigine	49884-484
Lamotrigine	49884-485
Lamotrigine	49884-486
Lamotrigine	49884-487
Lamotrigine	49884-561
Lamotrigine	49884-562
Lamotrigine	49884-563
Lamotrigine	49884-564
Lamotrigine	49884-604
Lamotrigine	49884-605
Lamotrigine	50090-2129
Lamotrigine	50090-3171
Lamotrigine	50090-3914
Lamotrigine	50090-4939
Lamotrigine	50228-319
Lamotrigine	50228-320
Lamotrigine	50228-321
Lamotrigine	50228-322
Lamotrigine	50436-0149
Lamotrigine	51407-060
Lamotrigine	51407-061
Lamotrigine	51407-062
Lamotrigine	51407-063
Lamotrigine	51672-4130
Lamotrigine	51672-4131
Lamotrigine	51672-4132
Lamotrigine	51672-4133
Lamotrigine	52817-240
Lamotrigine	52817-241
Lamotrigine	52817-242
Lamotrigine	52817-243
Lamotrigine	55111-220
Lamotrigine	55111-221
Lamotrigine	55111-222
Lamotrigine	55111-223
Lamotrigine	55111-225
Lamotrigine	55111-226
Lamotrigine	55111-419
Lamotrigine	55111-428
Lamotrigine	55111-717
Lamotrigine	55111-718
Lamotrigine	55111-719
Lamotrigine	55111-720
Lamotrigine	55154-2065
Lamotrigine	55154-8137
Lamotrigine	55154-8142
Lamotrigine	55289-410
Lamotrigine	55700-626
Lamotrigine	55700-683
Lamotrigine	58118-1111
Lamotrigine	58118-2148
Lamotrigine	59115-065
Lamotrigine	59115-066
Lamotrigine	59115-067
Lamotrigine	59115-068
Lamotrigine	59746-245
Lamotrigine	59746-246
Lamotrigine	59746-247
Lamotrigine	59746-248
Lamotrigine	59746-311
Lamotrigine	59746-312
Lamotrigine	60760-050
Lamotrigine	60760-549
Lamotrigine	61919-534
Lamotrigine	61919-802
Lamotrigine	62332-037
Lamotrigine	62332-038
Lamotrigine	62332-039
Lamotrigine	62332-040
Lamotrigine	62332-095
Lamotrigine	62332-096
Lamotrigine	63187-487
Lamotrigine	63187-744
Lamotrigine	63629-7020
Lamotrigine	63629-8283
Lamotrigine	63739-179
Lamotrigine	63739-670
Lamotrigine	64679-271
Lamotrigine	64679-272
Lamotrigine	64679-273
Lamotrigine	64679-274
Lamotrigine	64679-275
Lamotrigine	64980-400
Lamotrigine	64980-401
Lamotrigine	65084-179
Lamotrigine	65162-949
Lamotrigine	65162-956
Lamotrigine	65162-958
Lamotrigine	65162-986
Lamotrigine	65162-988
Lamotrigine	65162-990
Lamotrigine	65841-682
Lamotrigine	65841-683
Lamotrigine	65841-684
Lamotrigine	65841-685
Lamotrigine	65841-686
Lamotrigine	65841-687
Lamotrigine	65841-689
Lamotrigine	65841-690
Lamotrigine	65862-227
Lamotrigine	65862-228
Lamotrigine	65862-229
Lamotrigine	65862-230
Lamotrigine	65862-361
Lamotrigine	65862-362
Lamotrigine	67877-164
Lamotrigine	67877-165
Lamotrigine	67877-166
Lamotrigine	67877-167
Lamotrigine	68084-318
Lamotrigine	68084-319
Lamotrigine	68382-006
Lamotrigine	68382-007
Lamotrigine	68382-008
Lamotrigine	68382-009
Lamotrigine	68382-010
Lamotrigine	68382-011
Lamotrigine	68382-108
Lamotrigine	68382-109
Lamotrigine	68382-979
Lamotrigine	68382-980
Lamotrigine	68382-981
Lamotrigine	68382-982
Lamotrigine	68382-983
Lamotrigine	68382-984
Lamotrigine	68462-228
Lamotrigine	68462-229
Lamotrigine	68788-6868
Lamotrigine	68788-7168
Lamotrigine	68788-7178
Lamotrigine	68788-7223
Lamotrigine	68788-7278
Lamotrigine	68788-7465
Lamotrigine	68788-7544
Lamotrigine	68788-7647
Lamotrigine	69097-148
Lamotrigine	69097-149
Lamotrigine	69097-151
Lamotrigine	69097-152
Lamotrigine	69102-150
Lamotrigine	69102-301
Lamotrigine	69102-319
Lamotrigine	69102-320
Lamotrigine	69102-639
Lamotrigine	70518-1181
Lamotrigine	70518-1479
Lamotrigine	70518-1523
Lamotrigine	70518-1908
Lamotrigine	70518-1978
Lamotrigine	70518-2019
Lamotrigine	70518-2093
Lamotrigine	70518-2343
Lamotrigine	70518-2406
Lamotrigine	70518-2473
Lamotrigine	70518-2503
Lamotrigine	70518-2535
Lamotrigine	70518-2563
Lamotrigine	70518-2577
Lamotrigine	70518-2645
Lamotrigine	70518-2697
Lamotrigine	70518-2716
Lamotrigine	70518-2755
Lamotrigine	70518-2889
Lamotrigine	70771-1514
Lamotrigine	70771-1515
Lamotrigine	70771-1516
Lamotrigine	70771-1517
Lamotrigine	70771-1518
Lamotrigine	70771-1519
Lamotrigine	71205-245
Lamotrigine	71335-0706
Lamotrigine	71335-0830
Lamotrigine	71335-1110
Lamotrigine	71335-1179
Lamotrigine	71335-1469
Lamotrigine	71335-1579
Lamotrigine	72189-063
Lamotrigine	76420-182
Lamotrigine	76519-1150
Lamotrigine	76519-1151
Lamotrigine	76519-1165
Lorazepam	0054-3532
Lorazepam	0121-0770
Lorazepam	0187-0063
Lorazepam	0187-0064
Lorazepam	0187-0065
Lorazepam	0409-1539
Lorazepam	0409-1985
Lorazepam	0409-6778
Lorazepam	0409-6778
Lorazepam	0409-6779
Lorazepam	0409-6780
Lorazepam	0591-0240
Lorazepam	0591-0241
Lorazepam	0591-0242
Lorazepam	0615-8075
Lorazepam	0615-8076
Lorazepam	0615-8077
Lorazepam	0641-6000
Lorazepam	0641-6001
Lorazepam	0641-6002
Lorazepam	0641-6003
Lorazepam	0641-6044
Lorazepam	0641-6045
Lorazepam	0641-6046
Lorazepam	0641-6047
Lorazepam	0641-6048
Lorazepam	0641-6049
Lorazepam	0641-6050
Lorazepam	0641-6051
Lorazepam	0641-6207
Lorazepam	0781-5371
Lorazepam	0781-5377
Lorazepam	0781-5379
Lorazepam	0904-6007
Lorazepam	0904-6008
Lorazepam	0904-6009
Lorazepam	13107-083
Lorazepam	13107-084
Lorazepam	13107-085
Lorazepam	17478-040
Lorazepam	17856-2059
Lorazepam	17856-3532
Lorazepam	43063-048
Lorazepam	43063-057
Lorazepam	43353-255
Lorazepam	45865-499
Lorazepam	50090-0272
Lorazepam	50090-3462
Lorazepam	50090-4001
Lorazepam	50090-4157
Lorazepam	50090-4191
Lorazepam	50383-705
Lorazepam	54348-028
Lorazepam	54348-049
Lorazepam	55154-7975
Lorazepam	55154-7976
Lorazepam	55289-402
Lorazepam	55289-487
Lorazepam	55289-594
Lorazepam	55700-745
Lorazepam	55700-778
Lorazepam	58118-0904
Lorazepam	58118-1095
Lorazepam	58118-1096
Lorazepam	60687-355
Lorazepam	60687-367
Lorazepam	60687-401
Lorazepam	60760-457
Lorazepam	60760-516
Lorazepam	61919-062
Lorazepam	61919-062
Lorazepam	61919-607
Lorazepam	63187-536
Lorazepam	63187-576
Lorazepam	63629-8174
Lorazepam	63629-8185
Lorazepam	63629-8223
Lorazepam	65084-441
Lorazepam	65084-442
Lorazepam	65084-443
Lorazepam	65162-687
Lorazepam	66267-133
Lorazepam	66267-835
Lorazepam	67046-888
Lorazepam	67046-924
Lorazepam	67296-0143
Lorazepam	67296-1060
Lorazepam	67296-1228
Lorazepam	67296-1332
Lorazepam	67296-1539
Lorazepam	67296-1540
Lorazepam	67296-1622
Lorazepam	67296-1629
Lorazepam	67544-142
Lorazepam	67544-191
Lorazepam	67544-261
Lorazepam	68071-3096
Lorazepam	68071-3121
Lorazepam	68071-3227
Lorazepam	68071-3242
Lorazepam	68071-4882
Lorazepam	68071-4916
Lorazepam	68071-4918
Lorazepam	68071-5022
Lorazepam	68071-5048
Lorazepam	68071-5061
Lorazepam	68071-5068
Lorazepam	68071-5084
Lorazepam	68071-5137
Lorazepam	68071-5250
Lorazepam	68788-7355
Lorazepam	68788-7428
Lorazepam	68788-7480
Lorazepam	68788-7533
Lorazepam	69315-904
Lorazepam	69315-905
Lorazepam	69315-906
Lorazepam	70166-260
Lorazepam	70518-0275
Lorazepam	70518-0445
Lorazepam	70518-0486
Lorazepam	70518-1431
Lorazepam	70518-1520
Lorazepam	70518-1679
Lorazepam	70518-2186
Lorazepam	70518-2194
Lorazepam	70518-2239
Lorazepam	70518-2268
Lorazepam	70518-2442
Lorazepam	70518-2799
Lorazepam	70934-782
Lorazepam	71205-166
Lorazepam	71205-200
Lorazepam	71205-228
Lorazepam	71205-235
Lorazepam	71335-0329
Lorazepam	71335-0655
Lorazepam	71335-1138
Lorazepam	71335-1311
Lorazepam	71335-1455
Lorazepam	71335-1467
Lorazepam	71335-1694
Lorazepam	71610-008
Lorazepam	71610-122
Lorazepam	71610-148
Lorazepam	71610-149
Lorazepam	71610-178
Lorazepam	71610-199
Lorazepam	71610-225
Lorazepam	71610-229
Lorazepam	71610-255
Lorazepam	76329-8261
Methylphenidate	00781-8843-01
Methylphenidate	31722-0927-01
Methylphenidate	00406-1146-10
Methylphenidate	10702-0076-06
Methylphenidate	64720-0238-10
Methylphenidate	16714-0822-01
Methylphenidate	13811-0710-10
Methylphenidate	00406-1142-10
Methylphenidate	00527-3310-37
Methylphenidate	57664-0230-88
Methylphenidate	10702-0164-50
Methylphenidate	00781-8840-01
Methylphenidate	00093-5292-01
Methylphenidate	54868-1704-00
Methylphenidate	65580-0530-01
Methylphenidate	51862-0263-01
Methylphenidate	16714-0823-01
Methylphenidate	64720-0401-10
Methylphenidate	00781-1749-01
Methylphenidate	31722-0174-01
Methylphenidate	00093-5298-01
Methylphenidate	31722-0955-01
Methylphenidate	64720-0406-10
Methylphenidate	00093-3230-01
Methylphenidate	00527-4580-37
Methylphenidate	00781-1753-01
Methylphenidate	00591-5884-01
Methylphenidate	00781-1748-01
Methylphenidate	65162-0235-09
Methylphenidate	62175-0156-37
Methylphenidate	62037-0726-01
Methylphenidate	00115-1739-01
Methylphenidate	64980-0222-01
Methylphenidate	64720-0237-10
Methylphenidate	51862-0612-01
Methylphenidate	00781-8842-01
Methylphenidate	43386-0574-01
Methylphenidate	10702-0163-50
Methylphenidate	53014-0530-07
Methylphenidate	47781-0631-01
Methylphenidate	51862-0610-01
Methylphenidate	00781-8841-01
Methylphenidate	31722-0175-01
Methylphenidate	10702-0075-01
Methylphenidate	45963-0201-11
Methylphenidate	70010-0015-01
Methylphenidate	62175-0151-37
Methylphenidate	43386-0931-05
Methylphenidate	31722-0928-01
Methylphenidate	00406-1144-10
Methylphenidate	47781-0416-01
Methylphenidate	62175-0152-37
Methylphenidate	53014-0531-07
Methylphenidate	10702-0075-06
Methylphenidate	65162-0237-09
Methylphenidate	10147-0687-01
Methylphenidate	43386-0573-01
Methylphenidate	57664-0228-88
Methylphenidate	64720-0403-10
Methylphenidate	64720-0402-10
Methylphenidate	00115-1737-01
Methylphenidate	00781-5749-01
Methylphenidate	65162-0231-09
Methylphenidate	00378-8156-77
Methylphenidate	00591-5883-01
Methylphenidate	51862-0614-30
Methylphenidate	00115-1741-01
Methylphenidate	68084-0833-25
Methylphenidate	65580-0532-01
Methylphenidate	64720-0405-10
Methylphenidate	00093-5346-01
Methylphenidate	53014-0532-07
Methylphenidate	57664-0229-88
Methylphenidate	00591-2717-01
Methylphenidate	51862-0265-01
Methylphenidate	13811-0710-30
Methylphenidate	00378-8157-77
Methylphenidate	00093-5296-01
Methylphenidate	00115-1738-01
Methylphenidate	62175-0155-37
Methylphenidate	00406-1142-01
Methylphenidate	00591-2716-01
Methylphenidate	10147-0688-01
Methylphenidate	10702-0102-01
Methylphenidate	45963-0202-11
Methylphenidate	00406-0136-01
Methylphenidate	00093-3231-01
Methylphenidate	27808-0058-01
Methylphenidate	16714-0821-01
Methylphenidate	00603-4577-21
Methylphenidate	00093-5295-01
Methylphenidate	67767-0201-01
Methylphenidate	53014-0530-12
Methylphenidate	00591-5882-01
Methylphenidate	00406-1840-01
Methylphenidate	62037-0734-01
Methylphenidate	51991-0612-50
Methylphenidate	42291-0569-90
Methylphenidate	00093-3232-01
Methylphenidate	43386-0572-01
Methylphenidate	00527-3312-37
Methylphenidate	51862-0611-01
Methylphenidate	64720-0404-10
Methylphenidate	00527-4583-37
Methylphenidate	43199-0042-01
Methylphenidate	00093-5347-01
Methylphenidate	00406-1830-01
Methylphenidate	31722-0952-01
Methylphenidate	00527-4582-37
Methylphenidate	60687-0220-21
Methylphenidate	65162-0233-09
Methylphenidate	62559-0791-01
Methylphenidate	00378-8157-01
Methylphenidate	00591-2718-30
Methylphenidate	00406-1810-01
Methylphenidate	10147-0686-01
Methylphenidate	13811-0709-10
Methylphenidate	00603-4578-21
Methylphenidate	47781-0540-01
Methylphenidate	51991-0713-50
Methylphenidate	10702-0100-01
Methylphenidate	69452-0166-20
Methylphenidate	00527-3313-37
Methylphenidate	13811-0708-10
Methylphenidate	67767-0200-01
Methylphenidate	00406-1445-01
Methylphenidate	60429-0539-01
Methylphenidate	42291-0571-90
Methylphenidate	70010-0043-01
Methylphenidate	42291-0603-01
Methylphenidate	00781-2363-01
Methylphenidate	00378-8155-01
Methylphenidate	13811-0706-10
Methylphenidate	00406-1144-01
Methylphenidate	00781-5754-01
Methylphenidate	00093-5348-01
Methylphenidate	62175-0312-37
Methylphenidate	67767-0202-01
Methylphenidate	00115-1740-01
Methylphenidate	00364-0561-01
Methylphenidate	65580-0531-01
Methylphenidate	51991-0611-50
Methylphenidate	00406-1146-01
Methylphenidate	62559-0790-01
Methylphenidate	31722-0954-01
Methylphenidate	00591-2718-01
Methylphenidate	00378-8156-01
Methylphenidate	62175-0313-37
Methylphenidate	43386-0930-05
Methylphenidate	10702-0101-01
Methylphenidate	00093-5297-01
Methylphenidate	00115-1801-01
Methylphenidate	00781-5748-01
Methylphenidate	00781-5753-01
Methylphenidate	47781-0415-01
Methylphenidate	10147-0685-01
Methylphenidate	00591-3111-01
Methylphenidate	31722-0953-01
Methylphenidate	10702-0076-01
Methylphenidate	00406-3010-50
Methylphenidate	00115-1736-01
Methylphenidate	57664-0369-35
Methylphenidate	00406-0127-01
Methylphenidate	47781-0418-01
Methylphenidate	51927-3076-00
Methylphenidate	00527-3311-37
Methylphenidate	27808-0059-01
Methylphenidate	62037-0727-01
Methylphenidate	70010-0042-01
Methylphenidate	00406-1860-01
Methylphenidate	31722-0173-01
Methylphenidate	00406-1850-01
Methylphenidate	00527-4579-37
Methylphenidate	00093-5293-01
Methylphenidate	00115-1802-01
Methylphenidate	51862-0267-30
Methylphenidate	70010-0013-01
Methylphenidate	00406-1473-01
Methylphenidate	62175-0153-37
Methylphenidate	00781-2364-01
Methylphenidate	62037-0725-01
Methylphenidate	68084-0816-21
Methylphenidate	47781-0541-01
Methylphenidate	13811-0707-10
Methylphenidate	45963-0200-11
Methylphenidate	00378-8155-77
Methylphenidate	51991-0712-50
Methylphenidate	00406-1820-01
Methylphenidate	47781-0417-01
Methylphenidate	00527-4584-37
Methylphenidate	00406-0154-01
Methylphenidate	00115-1800-01
Methylphenidate	00591-2717-30
Methylphenidate	71930-0024-52
Methylphenidate	00781-2362-01
Methylphenidate	43199-0041-01
Methylphenidate	42291-0601-01
Methylphenidate	00378-8158-77
Methylphenidate	43386-0571-01
Methylphenidate	00527-4581-37
Methylphenidate	00406-3005-50
Methylphenidate	43386-0575-01
Methylphenidate	62175-0154-37
Methylphenidate	00603-4576-21
Methylphenidate	64720-0239-10
Methylphenidate	00378-8158-01
Methylphenidate	62175-0311-37
Methylphenidate	00591-2715-01
Methylphenidate	62175-0310-37
Methylphenidate	51862-0264-01
Oxcarbazepine	0054-0199
Oxcarbazepine	0078-0337
Oxcarbazepine	0078-0357
Oxcarbazepine	0078-0456
Oxcarbazepine	0078-0457
Oxcarbazepine	0615-8153
Oxcarbazepine	0615-8292
Oxcarbazepine	0781-6270
Oxcarbazepine	17772-121
Oxcarbazepine	17772-122
Oxcarbazepine	17772-123
Oxcarbazepine	51672-4105
Oxcarbazepine	51672-4106
Oxcarbazepine	51672-4107
Oxcarbazepine	51991-292
Oxcarbazepine	51991-293
Oxcarbazepine	51991-294
Oxcarbazepine	55154-8187
Oxcarbazepine	55289-007
Oxcarbazepine	55700-868
Oxcarbazepine	60429-061
Oxcarbazepine	60429-062
Oxcarbazepine	60429-063
Oxcarbazepine	62756-183
Oxcarbazepine	62756-184
Oxcarbazepine	62756-185
Oxcarbazepine	63629-3816
Oxcarbazepine	63629-4987
Oxcarbazepine	63629-6834
Oxcarbazepine	65162-649
Oxcarbazepine	68084-845
Oxcarbazepine	68084-853
Oxcarbazepine	68084-867
Oxcarbazepine	68094-123
Oxcarbazepine	68462-137
Oxcarbazepine	68462-138
Oxcarbazepine	68462-139
Oxcarbazepine	70518-0894
Oxcarbazepine	70518-1027
Oxcarbazepine	70518-1055
Oxcarbazepine	70518-1073
Oxcarbazepine	70518-2253
Oxcarbazepine	70518-2254
Oxcarbazepine	70518-2276
Oxcarbazepine	70518-2370
Oxcarbazepine	70518-2377
Oxcarbazepine	71205-411
Oxcarbazepine	71335-0090
Oxcarbazepine	71335-0410
Oxcarbazepine	71335-0505
Oxcarbazepine	71335-0978
Quetiapine	0054-0220
Quetiapine	0054-0221
Quetiapine	0054-0222
Quetiapine	0054-0223
Quetiapine	0054-0229
Quetiapine	0054-0230
Quetiapine	0093-2063
Quetiapine	0093-8162
Quetiapine	0093-8163
Quetiapine	0093-8164
Quetiapine	0093-8165
Quetiapine	0093-8166
Quetiapine	0310-0271
Quetiapine	0310-0272
Quetiapine	0310-0274
Quetiapine	0310-0275
Quetiapine	0310-0278
Quetiapine	0310-0279
Quetiapine	0310-0280
Quetiapine	0310-0281
Quetiapine	0310-0282
Quetiapine	0310-0283
Quetiapine	0310-0284
Quetiapine	0310-8283
Quetiapine	0310-8284
Quetiapine	0406-1180
Quetiapine	0406-1181
Quetiapine	0406-1182
Quetiapine	0406-1183
Quetiapine	0406-1184
Quetiapine	0615-7986
Quetiapine	0615-7987
Quetiapine	0615-7988
Quetiapine	0615-8118
Quetiapine	0615-8119
Quetiapine	0781-5342
Quetiapine	0781-5343
Quetiapine	0781-5344
Quetiapine	0781-5345
Quetiapine	0781-5346
Quetiapine	0781-5347
Quetiapine	0781-5348
Quetiapine	0904-6638
Quetiapine	0904-6639
Quetiapine	0904-6640
Quetiapine	0904-6641
Quetiapine	0904-6642
Quetiapine	0904-6643
Quetiapine	0904-6801
Quetiapine	0904-6802
Quetiapine	0904-6803
Quetiapine	0904-6804
Quetiapine	0904-6805
Quetiapine	10135-656
Quetiapine	10135-657
Quetiapine	10135-658
Quetiapine	10135-659
Quetiapine	16714-452
Quetiapine	16714-453
Quetiapine	16714-454
Quetiapine	16714-455
Quetiapine	16714-456
Quetiapine	16714-457
Quetiapine	16729-095
Quetiapine	16729-096
Quetiapine	16729-097
Quetiapine	16729-109
Quetiapine	16729-132
Quetiapine	16729-145
Quetiapine	16729-146
Quetiapine	16729-147
Quetiapine	16729-148
Quetiapine	16729-149
Quetiapine	16729-150
Quetiapine	29300-147
Quetiapine	29300-148
Quetiapine	29300-149
Quetiapine	29300-150
Quetiapine	29300-151
Quetiapine	29300-152
Quetiapine	33342-099
Quetiapine	33342-100
Quetiapine	33342-101
Quetiapine	33342-103
Quetiapine	33342-104
Quetiapine	33342-105
Quetiapine	33342-134
Quetiapine	33342-135
Quetiapine	33342-136
Quetiapine	33342-137
Quetiapine	34908-636
Quetiapine	34908-637
Quetiapine	34908-638
Quetiapine	34908-639
Quetiapine	43353-004
Quetiapine	43353-008
Quetiapine	43353-011
Quetiapine	43353-955
Quetiapine	43353-957
Quetiapine	46708-134
Quetiapine	46708-135
Quetiapine	46708-136
Quetiapine	46708-137
Quetiapine	46708-138
Quetiapine	46708-139
Quetiapine	47335-902
Quetiapine	47335-903
Quetiapine	47335-904
Quetiapine	47335-905
Quetiapine	47335-906
Quetiapine	47335-907
Quetiapine	50090-2689
Quetiapine	50090-3333
Quetiapine	50090-3377
Quetiapine	50090-3379
Quetiapine	50090-3392
Quetiapine	50090-3540
Quetiapine	50090-3749
Quetiapine	50090-4022
Quetiapine	50228-380
Quetiapine	50228-381
Quetiapine	50228-382
Quetiapine	50228-383
Quetiapine	50228-384
Quetiapine	50268-630
Quetiapine	50268-631
Quetiapine	50268-632
Quetiapine	50268-633
Quetiapine	50268-634
Quetiapine	50268-635
Quetiapine	50436-6338
Quetiapine	50436-6339
Quetiapine	50742-635
Quetiapine	50742-636
Quetiapine	50742-637
Quetiapine	50742-638
Quetiapine	50742-639
Quetiapine	51407-066
Quetiapine	51407-067
Quetiapine	51407-068
Quetiapine	51407-069
Quetiapine	51407-070
Quetiapine	51407-071
Quetiapine	51407-073
Quetiapine	51407-074
Quetiapine	51407-075
Quetiapine	51407-076
Quetiapine	51407-077
Quetiapine	52817-160
Quetiapine	52817-161
Quetiapine	52817-162
Quetiapine	52817-163
Quetiapine	52817-164
Quetiapine	55111-169
Quetiapine	55111-186
Quetiapine	55111-188
Quetiapine	55111-189
Quetiapine	55111-190
Quetiapine	55111-249
Quetiapine	55111-606
Quetiapine	55154-7881
Quetiapine	55154-7894
Quetiapine	55154-8092
Quetiapine	55289-187
Quetiapine	55289-447
Quetiapine	55289-872
Quetiapine	55700-085
Quetiapine	55700-833
Quetiapine	59746-348
Quetiapine	60429-413
Quetiapine	60429-414
Quetiapine	60429-415
Quetiapine	60429-416
Quetiapine	60429-417
Quetiapine	60429-418
Quetiapine	60505-3130
Quetiapine	60505-3132
Quetiapine	60505-3133
Quetiapine	60505-3135
Quetiapine	60505-3137
Quetiapine	60505-3139
Quetiapine	60687-327
Quetiapine	60687-338
Quetiapine	60687-349
Quetiapine	60687-360
Quetiapine	60687-371
Quetiapine	60687-382
Quetiapine	61919-084
Quetiapine	63187-219
Quetiapine	63187-269
Quetiapine	63187-452
Quetiapine	63629-4939
Quetiapine	63629-7116
Quetiapine	63739-665
Quetiapine	63739-677
Quetiapine	63739-690
Quetiapine	65162-431
Quetiapine	65862-489
Quetiapine	65862-490
Quetiapine	65862-491
Quetiapine	65862-492
Quetiapine	65862-493
Quetiapine	65862-494
Quetiapine	65862-495
Quetiapine	65862-873
Quetiapine	65862-874
Quetiapine	65862-875
Quetiapine	65862-876
Quetiapine	65862-877
Quetiapine	67046-361
Quetiapine	67046-632
Quetiapine	67046-636
Quetiapine	67046-637
Quetiapine	67046-638
Quetiapine	67296-1243
Quetiapine	67296-1336
Quetiapine	67296-1394
Quetiapine	67296-1582
Quetiapine	67877-242
Quetiapine	67877-245
Quetiapine	67877-246
Quetiapine	67877-247
Quetiapine	67877-248
Quetiapine	67877-249
Quetiapine	67877-250
Quetiapine	68001-180
Quetiapine	68001-181
Quetiapine	68001-182
Quetiapine	68001-183
Quetiapine	68001-184
Quetiapine	68001-185
Quetiapine	68071-1892
Quetiapine	68071-4161
Quetiapine	68180-445
Quetiapine	68180-446
Quetiapine	68180-447
Quetiapine	68180-448
Quetiapine	68180-449
Quetiapine	68180-450
Quetiapine	68180-612
Quetiapine	68180-613
Quetiapine	68180-614
Quetiapine	68180-615
Quetiapine	68180-616
Quetiapine	68788-7184
Quetiapine	68788-7185
Quetiapine	68788-7186
Quetiapine	68788-7195
Quetiapine	68788-7412
Quetiapine	68788-7538
Quetiapine	68788-7590
Quetiapine	68788-7813
Quetiapine	68788-9487
Quetiapine	69948-002
Quetiapine	69948-003
Quetiapine	70518-0229
Quetiapine	70518-0432
Quetiapine	70518-0570
Quetiapine	70518-0645
Quetiapine	70518-0752
Quetiapine	70518-0825
Quetiapine	70518-0974
Quetiapine	70518-0975
Quetiapine	70518-0988
Quetiapine	70518-1034
Quetiapine	70518-1477
Quetiapine	70518-1569
Quetiapine	70518-1744
Quetiapine	70518-1823
Quetiapine	70518-1841
Quetiapine	70518-1909
Quetiapine	70518-1935
Quetiapine	70518-1985
Quetiapine	70518-2016
Quetiapine	70518-2166
Quetiapine	70518-2175
Quetiapine	70518-2238
Quetiapine	70518-2280
Quetiapine	70518-2282
Quetiapine	70518-2309
Quetiapine	70518-2416
Quetiapine	70518-2424
Quetiapine	70518-2454
Quetiapine	70518-2466
Quetiapine	70518-2502
Quetiapine	70518-2522
Quetiapine	70518-2523
Quetiapine	70518-2547
Quetiapine	70518-2672
Quetiapine	70518-2702
Quetiapine	70518-2726
Quetiapine	70518-2752
Quetiapine	70518-2828
Quetiapine	70518-2901
Quetiapine	70934-185
Quetiapine	71093-135
Quetiapine	71093-136
Quetiapine	71093-137
Quetiapine	71093-138
Quetiapine	71093-139
Quetiapine	71205-026
Quetiapine	71205-031
Quetiapine	71205-401
Quetiapine	71205-402
Quetiapine	71335-0432
Quetiapine	71335-0772
Quetiapine	71335-0926
Quetiapine	71335-1353
Quetiapine	71335-1362
Quetiapine	71335-1462
Quetiapine	71335-1519
Quetiapine	71335-1562
Quetiapine	71335-1709
Quetiapine	71399-1500
Quetiapine	71399-2000
Quetiapine	71399-3000
Quetiapine	71399-4000
Quetiapine	71610-127
Quetiapine	71610-128
Quetiapine	71610-136
Quetiapine	71610-140
Quetiapine	71610-141
Quetiapine	80425-0107
Risperidone	55111-0579-30
Risperidone	50458-0591-50
Risperidone	43547-0340-06
Risperidone	16252-0562-60
Risperidone	55111-0203-05
Risperidone	51991-0316-06
Risperidone	55111-0470-81
Risperidone	49884-0401-91
Risperidone	65862-0121-05
Risperidone	50458-0595-60
Risperidone	68382-0116-05
Risperidone	43547-0342-06
Risperidone	00603-5689-28
Risperidone	16252-0560-60
Risperidone	64679-0555-02
Risperidone	00603-5688-28
Risperidone	50458-0593-50
Risperidone	00378-6044-28
Risperidone	49884-0403-91
Risperidone	13668-0035-05
Risperidone	60505-2588-06
Risperidone	50458-0590-60
Risperidone	55111-0202-05
Risperidone	50458-0602-28
Risperidone	65862-0122-05
Risperidone	64679-0554-04
Risperidone	43547-0339-06
Risperidone	59746-0040-22
Risperidone	43547-0344-06
Risperidone	00603-5683-28
Risperidone	43547-0340-50
Risperidone	43547-0344-50
Risperidone	55111-0202-60
Risperidone	64679-0571-02
Risperidone	00781-5311-08
Risperidone	50458-0601-28
Risperidone	65862-0120-60
Risperidone	64679-0557-04
Risperidone	59746-0030-22
Risperidone	00378-6042-28
Risperidone	60505-2585-06
Risperidone	51079-0346-05
Risperidone	55111-0204-60
Risperidone	68382-0116-14
Risperidone	27241-0001-50
Risperidone	27241-0006-06
Risperidone	68382-0114-05
Risperidone	00093-0221-06
Risperidone	68084-0272-01
Risperidone	23155-0317-51
Risperidone	55111-0208-81
Risperidone	00603-5689-20
Risperidone	00378-3502-05
Risperidone	50458-0591-60
Risperidone	13668-0036-05
Risperidone	50458-0590-10
Risperidone	59746-0020-22
Risperidone	49884-0311-55
Risperidone	00093-7240-05
Risperidone	50458-0594-50
Risperidone	68382-0117-05
Risperidone	16252-0558-60
Risperidone	00378-6043-93
Risperidone	27241-0002-50
Risperidone	49884-0311-91
Risperidone	16252-0561-60
Risperidone	50458-0594-60
Risperidone	64679-0571-04
Risperidone	55111-0204-05
Risperidone	27241-0006-50
Risperidone	51991-0716-41
Risperidone	55111-0203-60
Risperidone	13668-0035-60
Risperidone	60505-2589-06
Risperidone	00378-3513-91
Risperidone	50458-0592-50
Risperidone	00093-7242-05
Risperidone	60505-2587-05
Risperidone	68382-0154-06
Risperidone	00093-0221-05
Risperidone	13668-0037-60
Risperidone	43547-0339-50
Risperidone	64679-0692-01
Risperidone	49884-0315-55
Risperidone	51079-0461-20
Risperidone	51079-0460-20
Risperidone	00603-5686-28
Risperidone	43547-0341-50
Risperidone	68382-0155-06
Risperidone	00093-7240-06
Risperidone	55111-0209-81
Risperidone	68382-0113-05
Risperidone	68382-0115-05
Risperidone	51079-0463-56
Risperidone	65862-0122-60
Risperidone	51991-0317-06
Risperidone	00093-7241-06
Risperidone	68382-0117-14
Risperidone	65862-0123-60
Risperidone	50458-0593-60
Risperidone	51991-0319-06
Risperidone	00378-6043-28
Risperidone	00603-5684-32
Risperidone	49884-0315-91
Risperidone	00904-6358-61
Risperidone	50458-0594-10
Risperidone	65862-0119-05
Risperidone	50458-0605-28
Risperidone	13668-0038-05
Risperidone	60505-2586-00
Risperidone	55111-0207-81
Risperidone	55111-0205-60
Risperidone	65862-0123-05
Risperidone	43547-0342-50
Risperidone	55111-0471-81
Risperidone	00093-0225-05
Risperidone	51079-0463-20
Risperidone	00904-6360-61
Risperidone	00378-3502-91
Risperidone	55111-0201-05
Risperidone	27241-0001-06
Risperidone	00093-7241-05
Risperidone	68382-0156-06
Risperidone	65162-0673-84
Risperidone	50458-0591-10
Risperidone	51079-0462-20
Risperidone	68084-0271-01
Risperidone	00378-3511-91
Risperidone	27241-0003-06
Risperidone	51991-0321-06
Risperidone	64679-0553-04
Risperidone	68382-0113-14
Risperidone	27241-0002-06
Risperidone	50458-0593-10
Risperidone	65862-0124-60
Risperidone	49884-0402-91
Risperidone	27241-0003-50
Risperidone	60505-2588-05
Risperidone	00603-5684-20
Risperidone	13668-0039-05
Risperidone	65862-0119-60
Risperidone	68382-0114-14
Risperidone	00378-3512-05
Risperidone	50458-0604-28
Risperidone	68382-0112-05
Risperidone	13668-0039-60
Risperidone	00093-7242-06
Risperidone	49884-0212-52
Risperidone	50458-0596-01
Risperidone	60505-0380-01
Risperidone	60505-2586-06
Risperidone	00378-3514-91
Risperidone	50458-0590-50
Risperidone	00603-5684-28
Risperidone	00603-5685-28
Risperidone	59746-0050-22
Risperidone	00378-3505-91
Risperidone	43547-0343-06
Risperidone	64679-0554-02
Risperidone	64679-0572-04
Risperidone	60505-2587-06
Risperidone	00378-3505-05
Risperidone	00378-6046-28
Risperidone	00555-1771-09
Risperidone	60505-2586-05
Risperidone	16252-0559-60
Risperidone	13668-0040-05
Risperidone	27241-0004-06
Risperidone	00603-5683-20
Risperidone	00378-6045-28
Risperidone	00093-0225-06
Risperidone	43547-0343-50
Risperidone	00781-5314-08
Risperidone	00603-5686-32
Risperidone	55111-0206-60
Risperidone	43547-0341-06
Risperidone	51991-0320-06
Risperidone	60505-2584-06
Risperidone	68382-0115-14
Risperidone	00603-5686-20
Risperidone	27241-0004-50
Risperidone	00054-0063-44
Risperidone	51079-0345-05
Risperidone	50458-0592-10
Risperidone	00603-9424-45
Risperidone	13668-0040-60
Risperidone	16252-0563-60
Risperidone	00603-5685-32
Risperidone	13107-0121-05
Risperidone	00555-1774-09
Risperidone	00093-6169-31
Risperidone	00781-5313-08
Risperidone	49884-0212-55
Risperidone	13107-0120-05
Risperidone	13668-0589-06
Risperidone	13668-0036-60
Risperidone	42769-1331-01
Risperidone	51991-0318-06
Risperidone	50458-0603-28
Risperidone	64679-0553-02
Risperidone	13668-0035-01
Risperidone	13668-0037-05
Risperidone	00093-7243-06
Risperidone	55111-0201-60
Risperidone	64679-0555-04
Risperidone	65862-0121-60
Risperidone	59746-0010-32
Risperidone	55111-0205-05
Risperidone	00603-5685-20
Risperidone	60505-2585-05
Risperidone	00378-6047-28
Risperidone	00378-3513-05
Risperidone	64679-0557-02
Risperidone	13668-0038-60
Risperidone	00378-3511-05
Risperidone	00781-5310-08
Risperidone	00781-5312-08
Risperidone	27241-0005-50
Risperidone	68382-0112-14
Risperidone	27241-0005-06
Risperidone	65862-0120-05
Risperidone	50458-0592-60
Risperidone	00603-5688-20
Risperidone	00378-3512-91
Trazodone	0555-0733
Trazodone	0603-6160
Trazodone	0603-6161
Trazodone	0615-2578
Trazodone	0615-2579
Trazodone	0615-8155
Trazodone	0615-8339
Trazodone	0904-6554
Trazodone	0904-6555
Trazodone	0904-6868
Trazodone	0904-6869
Trazodone	13107-079
Trazodone	13107-080
Trazodone	13107-081
Trazodone	13107-082
Trazodone	13668-330
Trazodone	13668-331
Trazodone	13668-332
Trazodone	13668-333
Trazodone	16729-299
Trazodone	16729-300
Trazodone	16729-301
Trazodone	16729-302
Trazodone	42291-829
Trazodone	42291-833
Trazodone	42291-834
Trazodone	42291-835
Trazodone	42291-868
Trazodone	42291-869
Trazodone	43353-973
Trazodone	43353-974
Trazodone	45865-431
Trazodone	49999-343
Trazodone	49999-913
Trazodone	50090-1561
Trazodone	50090-2373
Trazodone	50090-2462
Trazodone	50090-4281
Trazodone	50090-4283
Trazodone	50090-4402
Trazodone	50090-4819
Trazodone	50090-4820
Trazodone	50090-4825
Trazodone	50090-5218
Trazodone	50111-433
Trazodone	50111-434
Trazodone	50111-441
Trazodone	50111-450
Trazodone	50111-560
Trazodone	50111-561
Trazodone	50268-776
Trazodone	53489-510
Trazodone	53489-511
Trazodone	53489-517
Trazodone	55154-8085
Trazodone	55154-8087
Trazodone	55289-060
Trazodone	55289-064
Trazodone	55289-223
Trazodone	55700-739
Trazodone	55700-782
Trazodone	55700-810
Trazodone	55700-844
Trazodone	55700-855
Trazodone	58118-0429
Trazodone	60429-187
Trazodone	60505-2653
Trazodone	60505-2654
Trazodone	60505-2655
Trazodone	60505-2659
Trazodone	60505-4089
Trazodone	60687-432
Trazodone	60687-443
Trazodone	60687-454
Trazodone	60760-806
Trazodone	60760-807
Trazodone	61919-231
Trazodone	61919-232
Trazodone	61919-386
Trazodone	61919-473
Trazodone	61919-473
Trazodone	61919-473
Trazodone	61919-585
Trazodone	61919-613
Trazodone	61919-631
Trazodone	63187-086
Trazodone	63187-133
Trazodone	63187-377
Trazodone	63187-680
Trazodone	63629-3210
Trazodone	63629-6334
Trazodone	63629-7287
Trazodone	63629-8139
Trazodone	63629-8140
Trazodone	67296-1693
Trazodone	68071-3124
Trazodone	68071-4312
Trazodone	68071-4410
Trazodone	68071-4761
Trazodone	68071-4833
Trazodone	68071-5187
Trazodone	68382-805
Trazodone	68382-806
Trazodone	68382-807
Trazodone	68382-808
Trazodone	68788-7118
Trazodone	68788-7137
Trazodone	68788-7166
Trazodone	70518-0571
Trazodone	70518-0847
Trazodone	70518-1441
Trazodone	70518-1489
Trazodone	70518-1499
Trazodone	70518-2180
Trazodone	70518-2336
Trazodone	70518-2793
Trazodone	70771-1128
Trazodone	70771-1129
Trazodone	70771-1130
Trazodone	70771-1131
Trazodone	70934-119
Trazodone	70934-153
Trazodone	70934-370
Trazodone	70934-437
Trazodone	70934-749
Trazodone	71205-505
Trazodone	71335-0164
Trazodone	71335-0343
Trazodone	71335-0705
Trazodone	71335-0730
Trazodone	71335-0742
Trazodone	71335-0773
Trazodone	71335-1483
Trazodone	71335-1575
Trazodone	71335-1630
Trazodone	71610-295
Trazodone	72789-079
Lisdexamfetamine	59417-101
Lisdexamfetamine	59417-102
Lisdexamfetamine	59417-103
Lisdexamfetamine	59417-104
Lisdexamfetamine	59417-105
Lisdexamfetamine	59417-106
Lisdexamfetamine	59417-107
Lisdexamfetamine	59417-115
Lisdexamfetamine	59417-116
Lisdexamfetamine	59417-117
Lisdexamfetamine	59417-118
Lisdexamfetamine	59417-119
Lisdexamfetamine	59417-120